"Z","X1","X2","X3","X4","X5","X6","X7","X8","X9","Y_continuous","Y_binary"
0,"f6",1,2.28133841162702,0.680768495459227,0.32,-0.53,0.31,-0.35,-0.57,159.433400253692,0
0,"f14",1,5.67362821173223,3.28648154844178,0.32,0.34,-0.23,-1.54,-0.44,1737.98104981644,1
0,"f6",1,6.15081682053699,0.837580302933963,-0.78,2.11,-1.08,0.03,-0.44,997.76701981729,1
1,"f4",1,1.60562717233201,1.54166973002409,0.11,-0.46,-0.3,-0.99,-0.82,550,1
0,"f0",1,1.76285534409275,-0.882040932052953,-0.29,-1.19,0.83,0.88,-0.46,5.66981370293274,0
0,"f12",1,4.8210524836918,2.5743402328125,0.76,-0.58,0.46,-0.13,-0.14,1166.89669242009,1
0,"f4",1,3.40865147611512,-0.655083832584882,-0.09,0.36,0.89,-0.74,-1.12,252.896252622086,1
0,"f6",1,1.88311419527146,1.55438382139224,0.61,1.22,1.1,-1.48,0.2,45.0644682424123,0
0,"f2",1,1.31902526431571,-1.16533970932258,1.38,0.54,-0.74,0.11,0.47,89.979014924778,0
0,"f2",1,4.19331647773541,2.67721599616694,-1.23,1.52,-0.13,0,0.55,137.855118733516,0
0,"f0",1,2.05979330737553,-1.1789169765647,-0.1,-0.1,-1.62,-1.07,0.63,29.7298234829912,0
1,"f0",1,0.703735488024257,-0.844031231536147,0.93,-0.69,0.28,-0.17,-0.43,158.264816121982,0
0,"f0",1,-0.4378132874142,0.248750727939295,-2.89,0.14,0.16,-0.6,1.33,0.00000543693561458454,0
0,"f8",1,4.94773957435127,1.07789483304804,-0.58,0.99,0.11,-0.79,1.16,813.822986021173,1
0,"f4",1,0.778923579819415,-2.13084201679605,-0.64,-1.28,-2.53,-1.35,0.09,16.9280409100297,0
0,"f12",0,1.39676784664247,2.02690815164282,-1.1,1.75,0.93,1.37,0.73,87.9581562510287,0
0,"f8",0,0.454298355019123,0.876145683589747,0.06,0.76,0.81,-0.8,0.57,4.10844868059764,0
1,"f12",1,5.15551514128625,2.27545348132339,-2.04,-1.22,-0.72,-1.75,0.64,1973.51528042235,1
0,"f16",1,7.25704082651268,3.20487388577108,0.31,-0.64,-0.39,-1.63,0.59,1737.98104981644,1
1,"f0",1,2.62953148470982,-0.528712036334167,0.61,-1.54,-0.35,-0.22,1.78,159.349751671584,0
1,"f2",1,4.54368875470245,0.199738058237996,-0.68,0.51,0.25,1.59,-0.95,550,1
0,"f0",1,1.66471705105204,-0.532100703193523,-1.04,-0.23,-0.38,-1.03,-1.69,21.1960624475549,0
0,"f20",0,1.93488804168522,4.28358729390004,0.19,-1.73,-0.38,-1.21,-0.86,218.409457355829,1
0,"f10",1,7.58207703401063,2.66400767569201,1.18,0.09,-0.99,0.97,-0.27,1737.98104981644,1
0,"f10",1,6.37574107939377,4.76334820295945,-1.36,-0.36,0.07,-0.25,2.35,1737.98104981644,1
0,"f16",1,5.66181437889468,3.54015087510499,1.3,-0.69,-0.36,1.25,0.52,1188.32294064899,1
1,"f6",1,4.22670911543527,0.423321637773412,-1.47,0.5,-1.04,-0.23,-1.69,1176.11735489117,1
1,"f18",0,2.06553661955757,3.98496908310953,-0.5,-1.4,1.54,0.98,0.18,1942.91109169559,1
0,"f4",1,3.64833231769095,-0.625130385019601,-0.69,-0.78,-0.88,0.01,-0.61,176.154858817454,0
1,"f10",1,1.96488338475085,2.08242417999693,-0.46,-0.52,1.26,-0.49,0.97,1857.77176586302,1
0,"f4",1,3.98215278080136,-0.203877940952307,-0.66,0.95,0.32,0.36,0.31,171.194779365254,0
1,"f0",1,0.00347422634847838,-0.360973348416545,-1.19,0.96,0.22,1.07,-1.83,146.241433068137,0
0,"f2",1,2.15264431400238,2.00783139636342,0.29,-0.34,-0.47,-0.69,0.21,14.7976184813207,0
1,"f8",1,3.30400135655587,1.62780001274372,-0.58,-0.19,-0.01,0.06,0.56,1142.68355910589,1
0,"f0",1,0.995904355793542,-0.142449993172512,-0.66,-0.75,1.16,-0.28,0.67,8.25687963567372,0
1,"f2",0,0.724139654072776,-0.125554941591047,-0.71,1.55,-0.56,-0.17,0.48,291.669959161034,1
0,"f4",1,1.52964377709065,1.00745974720256,0.33,0.1,-0.07,-0.62,-0.3,81.8040638497203,0
0,"f2",0,3.7241026599379,0.22806988277447,0.97,-1.28,-1.41,-1.56,0.69,0.0000531724374123421,0
0,"f2",1,1.84589263176248,0.0349598002895471,-0.3,1.36,1.52,1.13,0.32,4.10361304163908,0
0,"f2",1,2.62494889988422,-0.72219478294108,-0.49,1.18,-1.42,0.16,-0.17,17.1474336822228,0
0,"f4",1,0.199656157281705,1.64946294908256,-0.01,0.82,1.17,-0.08,1.39,125.902699136674,0
1,"f12",1,3.27470518004734,3.40039013466675,1.41,-1.63,0.8,-0.38,-0.04,1703.81334017875,1
0,"f14",1,3.74940785375804,3.04956127571817,0.88,0.72,-0.9,1.28,0.69,1006.61698443158,1
0,"f2",1,4.49888388885878,0.185997172328675,-0.67,-0.56,0.57,-0.61,-1.22,128.338231327447,0
1,"f8",1,4.60433881964759,2.02798107264116,-0.92,0.15,0.15,0.39,0.78,1654.46820332624,1
1,"f2",0,2.08019327285917,1.1013636735322,0.42,0.79,-0.27,-0.99,-0.02,193.373786730756,0
0,"f0",0,-0.636055010281889,0.158236930397457,-0.82,-0.69,-1.39,0.18,0.79,6.31663340179352,0
1,"f2",0,2.71894403174679,1.38536212954891,0.21,-0.19,0.52,-0.27,1.97,259.07635255117,1
1,"f6",1,2.06399323627678,2.68558025239548,-0.04,-0.02,0.5,1.7,1.72,550,1
0,"f6",0,1.91124559703164,3.1137612179826,0.26,2.01,-0.21,-0.93,-1.58,12.440092207226,0
1,"f8",1,4.22461747935807,2.05516832502998,-0.94,0.42,0.25,1.57,-1.38,1290.16655938384,1
0,"f0",1,4.52324939163449,1.15394945889426,-0.97,0.66,1.95,0.52,0.49,39.2198673051912,0
1,"f0",1,5.19483041573615,-2.70041957344961,-0.3,-0.38,0.14,-1.38,-0.67,144.501382796131,0
0,"f2",1,2.42098544596821,-1.44195889671647,-0.26,0.21,1.57,0.1,0.52,1.77999504380605,0
0,"f12",1,6.69275509271591,4.37312786523769,-0.55,0.82,-0.83,0.57,-0.06,1737.98104981644,1
1,"f0",1,4.80935502880609,1.08006479458715,0.08,-0.23,0.58,0.25,-0.22,550,1
1,"f10",1,5.90465142149847,2.89534218949835,-0.92,0.95,-0.49,0.15,1.18,1973.51528042235,1
0,"f6",1,5.27171335243836,2.7236525522675,-0.2,-0.25,-1.72,-1.12,-1.13,550,1
0,"f2",1,3.78768023475189,-0.783330452907718,0.29,-1.36,0.14,1.23,0.03,10.3655218866235,0
0,"f0",1,-0.53065504482644,-1.61942812560213,1.22,2.03,0.81,2.08,1.31,0.277144673447952,0
0,"f6",0,4.24555838424833,2.71431515591338,-0.2,0.62,0.45,-0.74,2.19,116.423560936891,0
0,"f4",1,4.84323446214706,1.25826361439262,-0.43,1.46,-0.39,-1.05,0.49,550,1
1,"f2",1,2.08920910060277,-0.0541720702772839,0.25,0.6,1.01,-1.06,-0.87,550,1
1,"f0",1,0.99187326058798,-2.8583914964843,-1.21,0.69,-0.49,-0.62,-1.25,149.581591448785,0
1,"f8",1,5.22168776153914,2.00951889450939,0.14,-0.97,-0.55,-1.5,0.13,1317.51974309868,1
0,"f6",1,4.08426279027584,0.509915622281286,1.16,1.09,-0.56,0.59,-0.12,550,1
0,"f0",1,2.21938841124955,0.387790426328129,0.82,0.29,0.75,-0.5,-0.59,2.44539161519892,0
0,"f0",1,-4.0100985044907,-1.60988929147746,-0.07,-0.18,-1.16,-1.12,-0.44,0.765210210796759,0
1,"f0",1,3.28186152937593,-1.47771002797492,-2.19,-0.69,-0.62,0.45,0.01,259.500817715734,1
0,"f4",1,2.28462335373954,1.03518973267656,0,-1.85,0.74,1.24,1.08,186.02208535882,0
0,"f12",1,5.16727389669933,1.95528624097752,0.06,0.63,-0.82,0.47,0.69,1038.53966041441,1
1,"f0",1,1.09193874726701,-1.57521551593758,0.62,-0.63,0.8,0.98,-0.01,146.065817153239,0
0,"f8",1,5.75706172007706,3.07788466313593,1.05,0.79,0.22,-0.47,0.43,1088.58249310711,1
1,"f8",1,3.27738587158167,2.09451120877823,0.28,-1.05,-0.94,-0.47,0.54,1436.83139321519,1
1,"f6",1,3.80482839379431,-0.936835951423113,-1.28,2.93,1.26,-1.5,0.41,550,1
0,"f0",1,1.52100408620639,0.109376300486503,-0.21,-0.34,1.09,-0.91,-0.58,0.873658324077621,0
1,"f22",1,4.00131476866703,5.71296387251272,0.14,0.07,0.59,0.41,-0.43,1973.51528042235,1
1,"f10",1,2.59169424455629,2.39427528048068,-0.41,0.77,0.11,-0.56,0.08,1973.51528042235,1
1,"f6",1,4.74565948386898,2.65582455629129,-0.39,0.02,-1.32,1.7,0.23,1228.62636024086,1
0,"f4",1,2.66589214237474,2.21672049998653,-0.52,0.38,0.76,0.79,-0.01,86.719610823952,0
1,"f2",1,3.62065245212239,0.178082621312112,1.06,-0.6,-1.09,-2.27,-1.25,550,1
0,"f0",1,-1.35229570836687,1.55501271604241,-0.65,0.34,0.58,-0.33,0.36,30.0717796528941,0
0,"f8",1,1.81517589633098,1.28463739159078,1.7,2.32,0.4,0.02,-0.07,550,1
1,"f0",1,2.44379537596709,-1.67882146009108,0,-0.65,-0.45,0.01,0.48,143.865703925381,0
0,"f6",1,5.31469602694,2.09963044043598,1.01,0.2,-0.39,1.28,-0.16,550,1
0,"f6",1,4.00757839263461,0.338468095404078,1.03,-1.38,1.7,0.06,-0.75,21.4741421444911,0
1,"f0",1,1.50084326627113,-1.74390037291113,-0.53,0,0.89,-1.27,-0.76,234.165829869675,1
0,"f0",1,2.69891822262231,-1.16456113373044,1.77,1.62,0.97,-0.13,-0.4,39.3663380853628,0
1,"f6",1,7.59951961605361,2.15885325147481,0.78,0.04,-1.01,0.02,-0.55,1973.51528042235,1
0,"f2",1,0.775468812603969,0.675573853274009,0.98,1.19,0.71,1.33,-0.21,163.040266251175,0
0,"f2",1,4.24373218016142,1.00613472159014,-0.52,-1.76,-0.66,1.11,-0.16,76.8671181902857,0
1,"f8",0,2.88414575382892,3.07832061340218,1.14,0.62,-0.94,-0.32,0.06,811.089677115732,1
1,"f0",1,2.02726789267486,-2.85266903934147,0.55,0.93,-0.44,0.12,-0.41,159.341638959121,0
0,"f4",0,2.12517680145766,0.289234831102916,1.04,-0.2,-2.06,0.1,1.59,0.0127829996197003,0
0,"f2",1,2.68172498335221,1.17912163959444,-1.98,0.27,0.27,0.15,-0.26,43.0998138936135,0
0,"f12",1,1.66719736930193,2.77749557963727,-0.61,-0.57,0,-0.69,-0.91,171.974010140374,0
0,"f8",0,2.82247760297861,2.51906874735432,0.72,-1.49,0.45,-0.59,1.1,74.6608329310577,0
1,"f0",1,2.92042673583113,-0.849321424120402,-0.95,1.78,2.84,0.09,0.27,156.258707363963,0
0,"f4",0,-0.0531334708566398,0.706161851063596,-0.07,-0.25,0.14,-0.63,-0.96,11.1520204238842,0
0,"f6",1,5.9630785833294,2.30067421194192,1.16,0.2,1.15,0.33,0.56,550,1
1,"f10",1,3.72410302907428,2.19249761350688,-1.74,1.51,-0.38,-0.07,-0.12,1783.8997642993,1
0,"f12",1,3.39269939070883,3.69259461780275,0.11,2.12,-0.23,-0.61,0.33,253.408108132086,1
0,"f6",1,4.19002925749298,1.96879306091159,-0.72,-0.74,-0.57,-1.35,1.26,134.236248729953,0
1,"f6",0,1.6021237566435,-1.52217201736734,0.19,-0.6,-0.29,0.27,0.6,550,1
1,"f0",1,0.992957741406447,0.0861362603998499,-0.73,-0.26,0.3,-0.25,-0.69,154.681818530711,0
0,"f8",1,5.91243221972467,1.12845546425961,1.25,0.23,1.87,0.95,0.43,890.667810101115,1
1,"f8",0,-2.78057435569184,1.10951086838492,1.42,-0.69,0.18,1.07,0.43,550,1
0,"f8",1,4.05071372289391,2.51200007130187,0.55,0.6,0.5,-0.68,-0.79,550,1
0,"f0",1,2.62703253320675,-1.06150518115402,0.78,-0.28,-1.8,1.12,0.4,57.6313195360688,0
0,"f0",1,0.133889609464452,0.278921009771112,1.25,-0.44,-0.8,-0.09,0.44,11.7297986322436,0
0,"f2",1,2.20253643534642,0.435458136036019,-1.49,0.33,-0.5,-0.86,0.48,0.784032865047786,0
0,"f0",1,1.03879371096965,1.40870907092459,0.81,0.19,0.03,-0.26,-1.49,6.1738088160573,0
1,"f0",0,-0.554476940856714,-2.07409146386827,-0.78,-0.4,1.48,1.21,-0.41,203.561609437877,1
0,"f0",0,-0.911367734515485,0.569909946626873,0.44,1.5,-0.85,-0.16,0.26,6.85549828819776,0
1,"f6",1,7.73700350459014,0.4182287883818,-0.33,0.57,-0.63,0.19,-0.37,1973.51528042235,1
0,"f0",1,5.41727195379339,-1.13063513702484,0.44,-1.11,-1.76,1.12,-0.14,271.468976498378,1
1,"f4",1,1.43342269395122,-0.977278598332052,-0.51,0.39,-0.24,-2.22,1.39,550,1
0,"f0",1,1.99774320689894,1.29688784887939,1.22,-0.68,-0.93,-0.02,0.78,7.21715580455984,0
1,"f0",1,3.51663461748775,-2.58320742808906,0.35,-0.7,1.32,0.33,0.3,194.332263910314,0
0,"f2",1,1.44276191402904,0.911447589034654,0.58,-2.25,-1.33,-0.48,0.5,29.577887632976,0
0,"f12",1,4.4149561578802,0.970619247949554,1.25,-0.12,-0.74,-1.2,1.25,550,1
0,"f8",1,3.64219483887739,1.36808009873392,1.3,1.38,0.71,-0.58,0.25,550,1
0,"f0",1,2.89690661375832,-0.861956979715735,0.07,0.17,-0.99,0.87,0.92,124.355199400705,0
0,"f10",0,6.00908983153691,4.48439624447697,-0.82,-0.1,-0.46,-0.79,0.63,918.477048473697,1
0,"f4",1,3.40514141462836,3.21877659002398,-0.53,-2.04,-2.5,-0.76,-0.21,550,1
1,"f10",1,5.75403973116866,2.6708711273665,-0.44,-0.16,0.12,1.23,-0.95,1973.51528042235,1
1,"f2",1,5.53259839087102,-0.297988822380205,-1.69,-0.87,0.36,-0.65,1.25,550,1
0,"f6",0,2.98596528351983,0.536761945063145,-0.22,-1.07,-0.33,-0.01,0.73,1.9633805841503,0
0,"f8",1,5.91712646541959,2.44748817436545,1.36,0.77,0,-0.11,-2.25,922.505042325698,1
1,"f0",1,3.14108111491081,-0.37103024606034,-0.48,0.13,-0.99,-0.39,-0.03,166.596736891416,0
1,"f0",1,2.30905532795344,-1.04751573239394,-0.06,-2.56,0.44,-0.29,-1.71,157.578664298314,0
0,"f0",1,0.970670703336382,0.39714025109374,0.28,-1.55,-0.5,-0.79,-0.61,23.4214826979675,0
1,"f4",1,4.16869915989393,2.10689096215631,0.59,1.62,-0.06,0.24,-2.41,550,1
0,"f6",0,3.75758269186518,2.47920917957874,0.48,1.1,0.73,0.36,1.85,126.215772862054,0
0,"f0",0,1.67777524578388,1.26469282406373,2.31,0.87,2.48,0.39,0.26,28.2669010956767,0
0,"f6",1,2.0622712417687,-0.176328238438356,1.39,-0.18,-2.23,-0.12,0.17,3.81644578082806,0
0,"f2",1,2.55975251527313,1.49826958614186,-0.39,1.19,1.16,0.14,0.4,2.71436776155729,0
0,"f8",1,3.95211424892248,1.43002304368523,0.23,-0.66,-0.51,0.41,-1.72,550,1
0,"f8",1,6.37607220101603,1.86781360890031,-0.13,0.46,-0.53,0.33,0.87,1549.0214540563,1
1,"f0",1,-1.17457145856602,-1.02107503311025,-0.55,0.69,-0.3,0.19,0.58,161.813685209022,0
0,"f12",1,3.52296060255235,2.44729675787026,0.47,-0.29,1.07,-0.16,0.22,933.106059170463,1
1,"f16",1,6.74280471981589,3.79744065282338,0.09,-1.03,1.6,0.38,0.48,1973.51528042235,1
1,"f6",1,0.940664981925511,0.955390905518368,-0.78,-0.08,-0.21,-1.2,-0.19,550,1
0,"f0",1,3.89550662977552,-0.826221440939261,0.37,0.57,0.12,-0.35,-1.06,83.5156982666598,0
1,"f2",1,4.01344290681793,1.15746439251901,1.01,-0.57,-0.99,-0.44,-1.6,550,1
0,"f12",1,3.79484268413136,1.96387644337343,-0.98,0.51,-1.06,0.44,0.52,1127.81592451461,1
1,"f0",1,2.45511890701435,-1.00317046476662,-1.75,-0.01,0.78,-0.49,0.31,151.198766245502,0
1,"f0",1,3.2159498941288,-0.0967267138587014,0.53,2.34,-0.28,0.15,1.1,146.173957592964,0
0,"f10",1,1.13978347096915,2.22714163221128,1.71,1.14,0.81,0.02,0.18,550,1
0,"f4",0,0.778863491500777,0.101488899625906,-1.5,0.41,1.3,1.28,0.55,6.47294293469721,0
0,"f2",1,0.715578447157906,0.174472661191852,-0.18,-0.42,-0.06,-1.82,-0.78,0.41126073469098,0
0,"f6",1,6.68612216837176,2.72213252808591,-1.03,-0.34,0.83,-2.03,-0.16,919.279414000285,1
1,"f6",1,4.72534494121934,2.1425833643882,-0.04,0.75,0.92,-1.76,0.92,1616.01372168947,1
0,"f16",0,6.14038111752581,2.68074669941608,0.2,0.23,0.11,-0.55,-0.17,1193.80192522263,1
1,"f4",1,1.32800788434452,-0.220525937592215,-0.58,-1.11,-0.5,0.25,-1.89,550,1
1,"f4",0,0.328208830884355,0.948286449895695,0.48,1.61,-0.05,-0.39,1.22,550,1
1,"f0",1,5.35004439076201,-1.3832404460536,1.46,-2.14,-1.87,-1.45,-1.31,289.087086985453,1
0,"f10",1,3.40213701779398,3.06153003259662,-0.31,1.38,1.59,0.47,-0.12,241.778702697387,1
0,"f12",0,1.95912637827281,3.81227223020868,0.29,0.02,0.48,0.9,-0.54,119.002873123274,0
0,"f0",1,0.707097513591491,-1.04419046536792,-0.67,-0.12,0.81,-0.63,0.05,20.5400732873651,0
0,"f4",1,1.91408358243625,-0.460641130964826,-1.12,-0.08,-0.07,-1.71,1.29,12.8033035671693,0
0,"f8",1,3.61011564252226,2.97446396632746,0.18,0.37,-0.02,-0.23,-0.54,550,1
0,"f12",0,0.808127935712663,2.41110629324373,0.14,-0.63,0.87,-1.1,-1.25,5.68424319712093,0
1,"f12",1,7.29192407647519,2.8734724267409,-0.12,-2.11,-0.27,-0.6,1.2,1973.51528042235,1
0,"f4",1,2.4639838352596,0.343517714685176,3.54,-0.09,0.82,1,-0.96,139.500292972179,0
0,"f8",1,2.26881005603466,1.52881541290274,0.15,0.52,-2.13,0.01,-1.6,217.728362228341,1
0,"f10",1,2.6299875543734,2.37937369025679,0.19,0.9,-0.93,-1.72,0.97,550,1
1,"f0",1,3.1611107135041,-0.695061636288024,2.58,-0.69,-1.59,-0.82,2.04,150.780121824376,0
1,"f8",1,6.86039122555738,2.16796955602277,-1.18,1.02,0.73,0.77,0.62,1973.51528042235,1
1,"f2",1,3.10238626823701,-0.0141262294283792,0.45,0.71,-0.67,0.27,1.31,550,1
1,"f0",1,0.838487215436937,-4.65630581687972,-0.31,2.15,0.32,-1.62,0.9,229.904126857978,1
0,"f4",0,1.7873447660161,0.844002094322389,-1.33,-0.08,-1.43,-0.67,-0.72,38.0254653015586,0
0,"f4",0,0.869197559763889,0.467928802788661,-0.41,0.42,-1.15,1.24,-0.76,0.0348023408005953,0
0,"f0",1,6.61619696012947,-0.396580991131799,0.23,1.11,-1.17,0.25,1.28,271.462359462019,1
0,"f0",1,1.7924304089296,-2.57305199297573,-1.9,2.57,-0.05,0.44,-0.16,9.58647484807412,0
1,"f4",1,-0.0446859941927662,1.56362394005804,0.12,0.28,0.83,-0.68,0.6,819.094120864785,1
0,"f0",1,-0.37748971725235,3.37223479628053,-0.43,-0.3,-0.29,-0.35,-1.85,49.2504693944634,0
0,"f0",0,2.60571882314966,0.465178849269587,-0.99,1.19,-0.46,0.07,-0.17,60.9897007168957,0
0,"f0",1,3.86440616857046,0.896754443782772,-0.38,-0.34,-1.17,0.74,1.06,91.9494801420124,0
0,"f4",1,2.78032858441721,0.4814102463551,1.1,0.13,-1.75,0.16,1.05,80.8835084980227,0
0,"f0",1,-0.477627813192358,1.92819767208985,-0.38,0.28,0.26,0.08,-0.01,29.5067005827083,0
0,"f6",1,5.47609593581479,0.183019282646935,0.11,0.11,1.25,-1.04,-1.32,1177.90402579768,1
1,"f12",1,4.87545591931952,3.07362475975632,0.78,1.12,0.6,-0.38,-1.08,1973.51528042235,1
1,"f0",1,3.5517986690718,0.0615919312468977,-0.02,-0.76,-0.12,1.95,0.37,550,1
0,"f6",1,8.01801299166136,1.48703297774978,-1.58,-0.14,-0.07,1.01,0.12,1737.98104981644,1
0,"f12",0,1.62722945956282,4.24799424476594,-0.58,0.1,-0.59,1.26,-0.19,93.6881860991512,0
0,"f10",0,3.13854969626927,2.62467827058867,-0.46,0.26,1.18,0.7,-0.84,7.86836186707814,0
0,"f2",1,2.98037855286712,-0.0280733055961918,0.13,1.86,-2.47,-0.66,-1.87,152.316552516508,0
1,"f0",1,2.28573690038131,0.716684904128087,-0.51,-1.53,0.77,-1.52,-0.02,172.119856989769,0
0,"f6",1,3.44533311692284,1.37329931761975,0.9,-0.49,-1.44,0.01,-0.46,134.208129900765,0
1,"f0",1,5.32124744344348,-0.353534041277546,-0.17,1,0.91,0.1,0.28,237.094609964192,1
1,"f12",1,5.23048462223588,2.71543967293188,0.52,0.93,-0.07,-0.23,-0.63,1973.51528042235,1
0,"f10",1,2.30537361440828,1.65354716865402,0.38,-0.03,-1.24,0.55,-1.69,269.434651555627,1
1,"f4",1,-0.949901403426717,-0.060918209998039,0.54,-0.54,0.33,0.26,-0.93,550,1
0,"f4",1,1.54081830251329,-1.02091888602308,-0.65,-0.46,1.59,-1.23,0.5,82.5199133763925,0
0,"f4",1,2.43959004806564,2.13396470960748,-0.81,-0.89,0.72,-0.39,0.09,259.38299050025,1
1,"f4",0,4.0081315499909,-0.867154722246356,0.1,0.79,0.15,-0.7,0.84,550,1
0,"f0",1,2.90425943093657,2.40551991018905,-0.69,-0.4,0.7,2.11,-0.69,29.6068348900926,0
0,"f12",1,3.53736379962381,3.90300634635326,-0.28,0.28,0.54,-0.97,0.89,122.324334674152,0
1,"f0",1,2.97413105777487,1.1854933137195,-1.6,0.17,-1.37,1,0.94,229.240046911591,1
0,"f12",0,1.67600513887097,2.53531219025351,0.07,-0.89,0.24,-0.39,0.77,228.612347193011,1
1,"f10",1,4.16113140128326,1.72669613356765,0.77,-0.81,-0.39,0.71,0.13,1417.21368412535,1
1,"f0",1,3.93867731810187,-0.742127596153035,0.29,-0.1,-0.17,0.57,0.46,168.056564348554,0
0,"f8",1,4.57796604358842,2.62451255350077,1.27,0.51,0.63,0.16,-0.85,550,1
1,"f4",1,2.30828927756744,-0.77282823199361,0.78,1.17,0.82,-0.37,-1.14,550,1
0,"f0",1,-4.14751784012442,-3.12298457970509,0.55,-0.13,-1.02,-1.52,1.51,2.22299319549424,0
0,"f0",1,0.400761870692221,-1.56665479603562,0.54,0.23,-1.17,0.52,0.43,0.00790205777207615,0
1,"f12",0,2.04010288048507,0.571691698860048,-0.55,0.04,-1.03,1.06,-1.45,1308.97501130556,1
0,"f2",1,2.31573189593711,0.582063251277953,1.82,-2.29,0.15,-1.16,-1.04,20.0994617998843,0
0,"f0",1,2.24782365959512,-1.24960776220343,0.44,-0.46,-0.55,1.1,0.26,0.575585665429689,0
1,"f4",1,4.05927013442719,1.81185145411628,0.14,1.31,0.15,0.11,0.78,550,1
0,"f6",1,5.04439556163038,-0.130111458244984,-1.1,-0.01,-0.33,0.95,-0.84,550,1
0,"f2",0,0.0947897339079247,-0.988968311215234,-0.39,0.23,1.47,-1.72,-0.96,12.8260532195884,0
0,"f0",1,3.39811321673647,-0.994936912055358,0.8,-0.44,0.81,-0.9,-0.87,30.722092215119,0
1,"f12",0,1.77349473570214,3.75027985872605,-0.04,-0.77,2.16,0.45,-0.67,1273.01685214194,1
0,"f0",1,1.88649663980536,3.03068293157398,-0.74,0.27,1.08,0.41,-0.22,57.9187528989984,0
0,"f8",0,1.56784262690226,3.85687947101661,-1.97,0.04,-0.2,1.76,-0.18,28.1009102758152,0
0,"f6",0,3.62246736835056,1.51574273233918,-0.08,-1.2,-1.16,0.66,-1.29,143.672082789737,0
0,"f10",1,5.93824349172537,2.48185720464735,-0.15,0.12,1.43,0,0.62,1735.19859818281,1
0,"f14",0,3.53816734375735,3.66856879103565,0.4,-0.03,0.11,-0.35,-0.37,550,1
0,"f12",1,2.34806708395886,3.22360857025241,0.43,-2.06,-1.73,-0.89,1.11,550,1
0,"f8",1,5.5150706675426,3.22585254662516,-0.97,0.46,-0.2,-0.47,-0.4,1207.7860716073,1
1,"f2",0,0.120844266187491,-1.21551706554035,-1.06,1.8,0.59,-0.44,-0.67,191.456983175222,0
1,"f6",0,2.03648094683196,1.86070416645042,-0.08,-0.82,-0.82,0.34,-0.6,550,1
1,"f2",1,3.11328571987447,0.118358082021304,1.64,0.58,-1.83,-0.73,0.6,550,1
0,"f8",1,2.57093597073186,2.19921777288952,-0.23,0.17,-1.4,-0.71,0.24,550,1
1,"f2",1,1.52310620417381,0.229841402105745,2.13,-1.91,-1.27,-0.46,0.53,550,1
0,"f2",1,1.16879777581095,1.40603627102092,-0.03,-1.47,1.26,-0.8,-0.98,0.281198366794554,0
1,"f0",1,1.77527573204269,-0.89986921134483,0.85,0.05,0.67,-1.51,1.04,147.520017936761,0
0,"f10",1,2.29146824750155,3.29953453372733,-0.32,-0.51,-2.38,1.13,0.73,40.8495775481887,0
0,"f0",1,0.434013874415964,0.159938680890158,-1.73,-0.32,0.02,1.35,-0.64,0.916232950564584,0
0,"f14",1,4.40632511594558,2.8894840561952,0.46,0.64,0.08,-0.69,-0.64,910.957237257068,1
1,"f0",1,0.897353568225514,0.399246923363959,-0.51,-1,-0.27,-0.83,-0.34,147.591533892922,0
0,"f10",0,2.69901461645921,3.68368467169791,2.3,0.4,0.14,-1.17,0.97,88.2604473990686,0
0,"f4",0,4.71380085538069,-0.146778863145401,-0.82,-1.46,1.17,-0.4,0.53,122.594220513798,0
1,"f4",1,5.85410890907097,1.1621160764185,-0.66,-0.72,0.55,-2.33,-0.98,1002.85230667361,1
0,"f0",1,-1.48365559882699,-0.944716746960751,-0.62,-1.17,0.43,-0.49,-1.63,90.0586036563703,0
0,"f4",1,6.30352995603389,0.0948565825965869,-0.63,-0.53,1.19,-0.94,0.29,550,1
1,"f2",0,-1.36459480539232,0.961471548482023,1.83,2.14,-1.2,0.27,0.39,193.092945530523,0
0,"f6",0,0.278503518080577,2.33170401689995,0.84,0.98,-1.47,-1,0.52,0.7652372011166,0
0,"f4",1,1.12381936128359,1.288350128754,1.25,0.57,1.48,-0.02,-0.27,6.62837381268403,0
0,"f12",0,2.97003566908667,2.34768993802925,-1.27,1.53,-0.34,-0.2,-0.54,550,1
0,"f4",1,2.29553772142615,2.62409936525763,0.94,-0.1,1.25,-0.1,0.41,232.225180243473,1
1,"f0",1,0.385988020181873,0.567366239311197,1.24,-0.42,-0.14,-1.2,0.91,143.617559060274,0
0,"f0",0,3.17481779880658,-0.531478628917713,1.09,-0.47,0.11,-1.87,1.15,133.289040738496,0
1,"f2",0,1.41954729181277,0.528644307455443,-1.09,1.27,-1.03,-0.11,-0.16,207.757358006008,1
1,"f12",1,6.05813725193797,3.84824719446987,-1.49,-0.52,1.37,0.43,0.14,1973.51528042235,1
0,"f10",1,4.21448343905365,2.75750058350348,0.91,-0.25,0.3,-0.24,-0.32,163.037314081174,0
0,"f2",1,2.36233694543721,-0.424976803101496,-0.14,1.42,0.65,-0.13,-0.6,80.799439591936,0
1,"f0",1,1.69066096241862,-1.24344385967031,-1.34,0.04,0.6,0.68,1.39,146.479025498698,0
0,"f12",1,4.43770075808972,1.75804127528096,-0.71,-0.09,-0.79,2.6,0.99,802.330659664858,1
0,"f0",1,-1.98711780665031,-3.93642746116224,0.1,0.5,0.53,-1.22,1,0.0950363555501936,0
0,"f8",1,6.03453630316529,3.23742790412667,-0.04,1.56,0.93,0.45,-0.35,1737.98104981644,1
0,"f14",1,5.56187277483233,3.99754151945312,2.11,-0.81,-0.37,-0.26,2.05,1737.98104981644,1
1,"f10",1,0.830898045094671,4.17694338063902,-0.8,-0.82,0.67,1.14,-1.2,1199.49536109713,1
0,"f0",1,-3.37574996038332,-2.82311475593841,2.03,-0.41,0.12,0.06,-0.92,5.52132378149196,0
1,"f2",1,3.97110016578579,1.01373933929211,0.47,0.44,-1.55,0.82,0.24,550,1
1,"f6",1,0.0727398608110605,1.15390150904932,0.56,-0.01,-0.5,0.78,1.98,550,1
1,"f2",0,-4.58155267217004,-0.316565836679539,-0.47,-1.71,0.56,-0.14,0.6,191.952959437781,0
1,"f6",1,1.87520852068855,0.885585506306982,2.07,1.27,-1.31,1.24,-0.42,836.624777546644,1
1,"f4",0,0.593498729345945,2.26639383743081,0.3,-0.32,-0.79,0.5,1.23,550,1
0,"f0",1,5.91417667334821,1.05045290270089,-0.23,-0.72,0.38,-0.83,-1.52,550,1
0,"f0",1,4.78170042703369,-0.403196654066829,3.43,1.01,0.04,0.79,0.63,269.900660138593,1
1,"f0",1,0.666764474182921,-0.338587955781803,-0.8,1.77,0.35,0.52,-1.1,147.187324199558,0
1,"f0",1,-1.21289112629284,-2.082820684951,1.2,-1.17,-0.13,-0.76,0.6,147.049773750387,0
0,"f10",1,3.61987879710213,2.58246285662172,-0.07,1,0.38,-0.32,1.53,183.991201779081,0
0,"f4",0,4.51349861933133,1.69969138999952,-0.56,-0.35,1.84,1.14,1.27,168.593506178478,0
0,"f0",1,3.47291897226949,-0.561208578935778,1.16,-1.37,-0.37,-0.22,-0.05,126.756594502477,0
0,"f8",1,0.246182224992447,2.37902308452697,0.97,0.35,-0.18,1.31,-0.01,29.9213452742494,0
0,"f0",1,1.44379210002554,-1.44503934741539,-0.47,1.19,-0.34,-0.71,0.43,4.08070490146847,0
0,"f6",1,5.08674921585913,1.05016016837863,1.87,-1.24,0.58,0.13,0.11,550,1
1,"f4",1,4.16833067087776,-0.156310326284957,-2.31,-0.81,-2.71,-0.16,0.28,550,1
0,"f8",0,4.56374014809446,2.36315414948862,0.14,1.11,1.05,-1.35,1.11,183.325971907896,0
0,"f8",1,7.1476235886696,2.89450686613716,0.85,-0.76,0.21,0.99,-0.84,1737.98104981644,1
0,"f0",1,3.60525354728802,1.0365869148133,0.52,0.73,0.35,-0.09,0.21,54.9252239284235,0
0,"f0",1,4.61846731144553,0.349755309489181,0.97,-0.04,-0.03,-2.13,0.88,14.8776977003103,0
0,"f6",1,4.78310045633251,0.890085985876914,2.41,1.95,-0.1,-0.4,2.4,550,1
1,"f0",1,4.50092709325145,0.179043130050811,-0.21,0.97,0.75,1.66,1.05,550,1
0,"f0",1,1.30486523306376,-0.987135817119187,0.46,-0.33,1.73,-0.3,-0.39,94.2525367785445,0
1,"f4",1,3.95891247290187,0.0436165786236943,0.46,-0.43,1.52,-0.05,-0.93,550,1
1,"f4",1,3.78845849458757,2.01948783001116,-0.41,1.25,1.35,0.41,-0.51,550,1
0,"f0",0,1.8961818246356,0.356161725620801,0.66,0.48,0.85,0.11,0.66,19.9911576104362,0
0,"f2",1,4.63755725419893,-0.788741614620986,-1.31,-1.58,-0.05,1.1,1.32,146.019084183192,0
0,"f16",1,4.40492150634263,3.42006190513856,-0.56,1.11,-0.2,1.72,-0.34,1737.98104981644,1
0,"f0",1,2.28848907726063,0.106123344533659,-0.16,0.29,-1.24,-2.55,1.2,0.501424307386644,0
1,"f8",0,-0.224030099972345,0.861128770310599,-0.37,-1.58,1.98,-0.67,-1.24,550,1
1,"f4",0,-0.296272251402225,-0.247308402722847,-0.38,1.22,-1.34,1.96,-1.1,550,1
1,"f6",1,4.55423139171754,1.29626130945495,0.32,0.21,-1.78,0.38,-0.88,1482.62087391704,1
0,"f10",1,6.65467360474772,0.708948751272617,0.46,0.57,1.28,-1.59,-0.43,1737.98104981644,1
0,"f4",1,3.28199760447654,1.60917303353197,1.11,1.25,-0.07,-0.89,1.23,79.1861379285902,0
1,"f0",1,3.02694050489842,-2.2346641150377,1.77,1.82,0.28,-1,-0.81,146.331004078876,0
0,"f6",0,0.193053569270655,-0.620779560457006,-1.65,-1.09,-2.22,-1.24,2.08,48.216748309323,0
0,"f10",0,3.6341985923054,1.70394127877944,0.22,-0.77,1.2,1.46,0.88,97.8449013575571,0
1,"f0",1,5.16156905206479,-0.33528321804133,0.7,0.56,1.11,0.59,-0.22,550,1
0,"f12",1,4.32466264055903,4.27022055240032,-2.35,0.19,0.63,1.61,-0.98,550,1
0,"f10",1,3.07199336130603,1.70591743152505,-1.37,1.24,-1.81,0.27,-0.46,165.889034639225,0
0,"f6",1,2.74617496566809,1.74070180022024,-0.62,2.1,1.6,1.82,-0.39,190.823993110093,0
0,"f4",1,2.56253449626391,0.0664367893502829,1.14,1.02,0.61,2.38,2.62,209.333929757128,1
1,"f2",1,2.74584000241148,2.11886029260971,-0.27,-0.56,1.66,0.52,1.82,550,1
1,"f6",1,4.26044640046567,1.86052461628056,-1.31,-0.02,0.66,-1.52,-0.29,1541.06920168166,1
0,"f0",1,3.01794271897919,-1.30696250752069,0.48,-1.2,0.11,-3.1,1.82,0.794890449328508,0
1,"f14",0,1.74020932378745,2.67085441592639,0.16,1.17,-0.26,0.58,1.49,1340.23798016901,1
0,"f2",1,5.97567610288638,2.07287569199545,0.39,0.48,0.36,-1.51,0.66,550,1
0,"f6",1,3.60069867169489,1.05727505233908,0.15,-1.23,-0.43,0.94,0.58,289.801118298421,1
1,"f4",1,3.70971597428935,0.939095797837083,0.17,-0.24,-0.85,1.72,-0.79,1105.67085362019,1
0,"f8",1,6.20301586765797,2.14863128579528,-0.51,1.27,0.11,-0.19,1.03,1602.16604820868,1
0,"f0",1,3.76149793070621,0.280021299716539,-1.32,0.33,0.1,-0.53,-0.53,15.154156019697,0
1,"f0",1,1.76658888658377,-0.559875976534274,-0.62,1.37,0.37,-0.5,1.27,158.212210130025,0
1,"f4",1,4.35594785427662,2.48052963025613,0.2,1.51,0.21,1.06,1.32,837.220289052237,1
0,"f2",1,2.45198218628184,-0.562344421433238,-0.26,-0.06,0.21,-0.51,-0.67,36.1834024210933,0
0,"f8",1,3.88991691073797,2.05691550158478,0.06,1.28,-0.72,0.72,-0.64,123.906453536706,0
0,"f0",1,3.08830828241647,-1.76980633841478,-0.21,0.02,-2.51,0.06,0.07,0.255585326419914,0
0,"f20",0,2.8359627945511,5.22603575724975,0.07,0.93,-0.12,0.63,0.96,72.3156456263446,0
0,"f6",1,4.64365390890235,-0.0445150792233935,0.13,0.21,1.39,-0.45,-1.6,550,1
0,"f14",0,3.13699456028208,3.39272591515706,1.26,0.4,0.03,-0.2,-1.17,207.459290919901,1
1,"f2",1,2.70992858714592,1.13851613533439,-0.34,1.66,1.18,0.49,-0.97,550,1
0,"f2",1,3.02137855131918,0.101208495275611,-0.52,0.7,-1.34,0.09,-0.39,20.0254954473781,0
1,"f0",1,4.90300378387249,-1.8197348015339,0.15,0.08,-1.55,-0.67,-1.36,153.158500115444,0
1,"f12",1,1.81457275260491,2.37927997205177,-0.07,-0.36,0.42,1.3,0.39,1973.51528042235,1
0,"f6",1,1.64288937123739,3.26707352953649,-1.39,0.42,-0.38,-1.41,-1.82,146.28420626006,0
1,"f16",1,5.504868154408,3.79764605302123,2.35,2.43,-0.45,-2.1,0.34,1973.51528042235,1
1,"f2",1,2.81085553510581,1.19629213910333,-0.73,0.12,1.62,1.54,0.6,550,1
0,"f0",1,1.57858487610519,-1.50797504126647,-2.11,-0.39,-0.58,0.33,0.01,11.8214172504597,0
1,"f0",1,2.10069933781739,-1.58249322964346,-1.25,-0.66,-0.17,-0.5,0.69,156.13334690201,0
0,"f4",1,4.2749928738622,0.730651199974495,0.06,-0.59,0.4,0.35,0.77,278.454753000339,1
0,"f4",1,2.73029624284071,1.40267422845748,-0.86,-0.64,1.03,-0.08,-1.66,161.622597875129,0
0,"f6",0,3.68870194477199,1.33720705633655,1.51,-0.43,-0.37,-0.93,0.37,22.733603049807,0
0,"f4",1,6.21582005274298,0.814073659242401,-0.09,0.02,0.13,-0.48,0.81,1014.61469534085,1
1,"f6",0,3.28947470511144,2.8077846782149,-0.61,-0.93,-0.19,-0.22,-1.45,550,1
0,"f0",1,-0.12134815139156,-0.750625778724226,0.54,-1.07,1.82,-1.94,-0.83,29.3213345617775,0
1,"f0",1,2.49593014734611,-1.31502419721153,-0.95,-0.43,1.98,1.27,-1.92,143.911105174211,0
0,"f4",1,6.58050068989286,-0.414372367432026,-1.1,-2.24,0.28,-1.57,-0.7,550,1
0,"f0",1,0.89489034445707,-0.726782307939523,0.05,0.28,-0.87,-0.77,-0.25,84.7794821087268,0
1,"f6",1,2.44438707092268,1.89541192952668,-0.5,-0.12,0.02,-2.71,-0.37,945.074457878195,1
0,"f2",1,1.46423920155133,-1.61881049323376,-0.61,-0.35,-2.59,0.18,0.18,7.0687182968784,0
1,"f0",1,2.94713203672098,-1.31291337433214,0.94,0.24,1.38,0.23,-1.33,143.807835734331,0
0,"f0",1,2.54066548845338,-0.702076925161519,-0.8,-1.24,-0.44,1.09,-0.09,3.46108471183113,0
0,"f0",1,4.44324938559135,-1.62907664457158,0.84,-0.1,-1.81,-0.58,-0.29,0.682828983947131,0
1,"f0",1,3.18999505360465,-2.66321287426088,-0.82,0.58,-0.27,-0.17,-0.37,177.715604154221,0
0,"f4",1,3.25131522905809,0.84321933940906,-1.49,-0.09,0.72,-0.8,-0.04,50.8396679907183,0
1,"f18",0,6.77438040665617,5.14819402053708,0.83,-0.03,-0.88,0.37,-2.78,1973.51528042235,1
1,"f10",1,2.52362233477508,0.51004066680323,0.15,-1.95,0,-0.92,1.07,1413.23438637503,1
1,"f0",1,2.81454446379836,-3.66773124032453,-1.89,1.18,-0.06,0.58,0.28,277.592877026189,1
0,"f2",0,2.28299596772894,0.520943349063123,0.61,-0.72,0.45,-0.23,0.83,1.53553026706332,0
0,"f0",1,2.46954272295396,0.71387571981476,-0.09,-0.17,1.89,0.17,0.21,6.26460864290583,0
0,"f0",1,5.15435881180139,-1.48882485452208,0.59,1.61,-0.23,-1.03,2.55,123.246914489259,0
0,"f2",0,3.35156452138361,1.17185614986849,-0.39,-0.8,-1.14,0.6,-0.98,5.95270811457916,0
0,"f8",1,3.69842323665548,1.050007687987,0.02,1.2,-1.56,-0.86,-0.08,825.949848760774,1
1,"f4",1,3.02743474130209,1.80562954454891,-0.63,-1.76,-1.49,0.8,0.27,550,1
1,"f2",1,3.9244835686215,0.556435149677668,-2.26,0.96,0.28,1.15,0.02,550,1
0,"f10",1,4.25006742602873,2.81517405307862,-1.93,0.08,0.68,-0.63,-0.19,1011.76631172032,1
1,"f0",1,5.15175518923288,-0.197002324041086,0.29,-0.56,1.83,-1.22,-1.1,550,1
0,"f0",1,0.155481193343459,-1.28429237050622,-0.23,0.33,0.24,-0.75,0.39,29.510024675703,0
1,"f2",1,2.44082955004623,-1.10252363907752,0.74,-0.31,-0.4,-1.05,-0.22,550,1
0,"f6",0,2.789270981481,2.54517543256264,0.3,-0.83,-0.38,-0.67,0.13,14.5518052040239,0
1,"f6",1,3.95000121561889,0.627744869114856,0.92,0.77,-0.46,-0.46,-0.35,550,1
0,"f4",1,3.12859401190749,0.0390070974694494,0.81,-2.53,-1.64,1.49,-1.35,114.275373334499,0
0,"f12",0,3.20116245326157,3.44431732495305,-0.58,-0.1,1.78,1.09,1.55,105.879735043764,0
0,"f8",1,4.59924044118339,1.06487776499867,-2.52,0.29,-2.03,0.16,0.07,992.71685058034,1
0,"f2",1,-1.14060422017684,2.62687254011691,1.15,-0.26,1.02,-0.92,-0.36,0.973501816257864,0
0,"f10",1,6.04125583953018,2.66441673109963,0.95,0.06,0.86,2.23,1.38,1523.47496469247,1
0,"f4",1,1.55105798157626,0.559405083761443,1.07,0,-0.38,-0.09,-0.6,152.002098630731,0
1,"f6",1,3.71889592969821,2.64924112243621,-1.29,1.12,0.08,0.49,1.72,908.556098955698,1
0,"f6",1,4.9938339395328,1.53904212834702,1.23,-0.73,-0.5,-0.41,0.91,229.239626978298,1
0,"f4",1,2.65347465076121,-1.02587618306894,-0.39,-0.27,0.12,1.22,-0.55,0.0444870397009762,0
1,"f0",0,2.06358051299136,-0.855025549005415,-0.59,1.16,-0.27,1.62,-0.1,1.31832695043782,0
1,"f0",1,3.48988088402533,-0.208607787764319,-0.53,-1.05,-0.59,-0.36,-0.68,159.881017837872,0
1,"f0",1,2.62108168888509,-0.865484038632841,0.24,0.45,-1.08,-1.57,-1.95,155.686128239559,0
0,"f8",0,3.8022554667917,1.68217449230519,-1.61,1.7,-0.1,1.04,0.28,94.9834353237851,0
1,"f0",1,2.28013541895805,-0.740860806324712,0.51,-0.25,0.15,-0.33,-1.21,195.076853606495,0
0,"f4",1,5.49733665877624,-0.38274712538598,0.62,-0.02,-2.53,-0.09,-0.58,550,1
0,"f8",0,2.83837497925011,2.7034334911981,0.27,2.17,1.19,-0.02,0.19,124.236235466364,0
1,"f0",1,2.83396012906447,1.48976960980996,-0.61,0.54,-2.01,-0.85,-0.89,151.019695532531,0
0,"f4",0,1.19875731605654,2.10479321209879,0.16,0.99,0.14,-0.07,1.05,0.131142620821466,0
1,"f12",1,3.32333548320549,1.4525043234949,0.2,-0.37,-0.59,0.49,1.77,1973.51528042235,1
1,"f0",1,0.773791841162716,-1.31821618365471,0.08,-0.86,-1.7,0.83,-0.48,236.8176913408,1
1,"f16",0,6.50582948261514,2.4552292541388,-1.14,1.65,-0.21,-1.25,1.27,1973.51528042235,1
1,"f12",1,5.73215754087756,3.16421636002794,1.22,0.03,1.21,-0.74,0.82,1973.51528042235,1
1,"f8",0,5.79304594783703,1.98281319729093,-0.01,1.12,-1.08,1.22,0.1,1138.15712891919,1
0,"f4",1,2.31337349658218,0.251411529041216,-1.41,-0.47,-0.98,-1.15,-2.24,33.1462873782314,0
0,"f6",1,2.12966138112262,1.35925022961278,3.22,0.1,-0.61,-0.78,2.25,550,1
1,"f4",0,-0.977454929617595,0.556536607681829,-0.11,-0.06,1.05,-0.5,0.54,550,1
0,"f10",1,2.49445925771054,2.49378659862138,2.61,-1.35,0.27,-0.77,0.96,550,1
1,"f10",1,3.68665343528728,1.91215617836997,0.28,0.05,2.6,-0.47,0.83,1431.22700271179,1
1,"f10",1,3.13918918592924,1.49815152600513,0.07,1.09,-0.43,-0.97,-0.45,1597.94683958759,1
0,"f8",1,3.53700981982966,1.8452266086525,-1.35,1.51,0.32,0.01,0,550,1
0,"f6",1,4.00590636136146,2.15054018996632,0.7,-0.56,-0.95,1.5,0.8,550,1
1,"f8",1,5.54535406121039,2.91770077112731,-0.83,-0.46,-0.25,0.31,0.17,1468.44149983797,1
0,"f10",1,4.72336077925666,3.73592473042957,-0.96,-0.44,-1.78,0.37,1.57,261.269927745741,1
1,"f10",1,6.53149867506411,1.18595966707107,0.25,-1.46,0.14,1.16,-1.48,1973.51528042235,1
1,"f0",1,4.55641166040091,2.37836193844502,0.93,1.2,0.42,-1.06,0.5,231.657367663606,1
1,"f2",1,1.55049383092297,0.132029862855509,-1.94,-0.95,-0.35,0.62,0.75,550,1
0,"f8",0,1.87861145814552,2.51398303694726,0.04,0.24,-1.69,-0.71,-0.02,3.08304205216484,0
1,"f4",1,8.19180241138935,1.32907271140851,-1.38,-1.75,0.54,0.97,0.6,1973.51528042235,1
1,"f10",1,4.49086999423759,3.76892130902781,-0.87,0.63,-0.88,1.17,-1.01,1884.30545951564,1
0,"f2",1,2.35543318706553,-1.43081689251078,0.11,0.63,0.62,0.55,-1.66,97.5033693160324,0
0,"f2",0,0.436672342025687,0.74196291305316,-0.23,-0.34,0.02,-0.03,-0.05,0.153751899738013,0
0,"f4",1,6.20268023276286,3.00282627551473,1.23,0.03,-0.91,0.13,0.84,1569.95255413847,1
1,"f0",1,1.80037240525745,-0.722572579613953,-0.4,-1.36,0.75,0.42,-0.76,146.93778573658,0
0,"f6",1,2.90988644774428,0.747719914806969,0.91,-0.14,1.09,0.14,0.13,75.1375108470955,0
1,"f6",1,5.39797970228816,1.8889685324517,-0.53,-0.53,-1.69,0.12,0.01,1362.41043112243,1
0,"f4",1,-0.153346159516015,1.92901033208338,-0.07,-2,2,0.84,-0.19,11.8384881447671,0
0,"f6",1,0.569251682346362,1.38324967604344,0.27,-0.87,-1.1,-0.69,-0.2,190.190444835165,0
0,"f2",0,-0.145964421741084,-0.30267632951111,-0.19,-1.04,-1.67,-2.15,-0.37,1.49416699753443,0
0,"f2",1,0.967404093936278,-0.107411277288277,0.78,-1.26,0.32,1.51,-1.42,58.6664023218844,0
0,"f6",1,4.31420064476154,1.3545122596688,-0.84,0.08,-0.76,-0.52,-0.78,94.7991691484758,0
0,"f0",1,1.16800671341618,-0.304004366005503,-0.16,1.25,-1.41,-1.05,-1.12,10.5825883196368,0
0,"f0",1,1.42308184364861,0.308153061834543,1.77,-0.06,-0.23,-0.76,0.52,22.1063728912378,0
0,"f4",0,3.05281562474385,-0.221543848868728,-0.27,-0.25,-0.41,1.72,1.33,0.875601294884429,0
1,"f6",1,3.60223521392129,2.9994581196491,0.51,-0.24,2.08,-0.07,-0.09,1221.54561913536,1
0,"f0",1,2.58643233360279,-0.184271983952642,1.24,0.19,-1.09,-1.38,0.2,19.0267539815057,0
0,"f8",1,4.57401200221964,2.83952706384864,-0.82,-0.44,0.16,0.06,0.22,550,1
0,"f18",0,4.26727782801644,5.56364920208977,-0.35,0.08,-0.67,0.02,-1.94,992.578203321081,1
0,"f0",0,0.68079305495892,-2.19808904143906,-0.98,0.4,0.03,-0.36,0.59,23.3555240893283,0
0,"f10",1,5.81295509379518,0.975101483657191,0.76,0.6,0.69,0.92,1.26,1737.98104981644,1
1,"f20",0,4.41653468113541,6.03237290959811,0,1.29,1.39,-1.85,0.28,1973.51528042235,1
0,"f0",0,-1.21986502072521,-2.22367035142251,1.43,1.12,0.34,1.11,-0.03,18.7511962969508,0
1,"f4",1,4.60471790841884,1.38625145592913,1.98,1.65,0.02,-0.57,-0.31,550,1
0,"f6",1,3.21388332295263,1.14793614306383,0.46,0.1,-0.16,0.51,-0.62,203.153980006637,1
1,"f4",1,4.30410228991436,0.740891320098566,-0.03,-0.93,-0.94,-1.17,0.71,550,1
0,"f4",1,6.55914339075519,0.435939025502744,0.73,-0.72,-0.23,-0.33,-0.82,876.706638930777,1
0,"f12",1,3.05660034686264,1.33358094479747,3.06,-1.42,0.57,1.16,-0.48,1059.13094597894,1
1,"f12",1,1.80507901572473,3.66069160806775,0.8,-0.61,-0.19,-0.84,-1.03,1972.8600918167,1
0,"f16",1,5.11942148328415,1.85145642077189,0.72,1.92,-0.14,-1.67,-0.65,1294.82272579411,1
0,"f4",1,3.110499189227,0.669751111373699,-0.34,1.6,0.46,0.23,-0.39,32.9322072971618,0
1,"f6",1,3.07389343021016,2.30852401398422,-0.28,-1.46,0.98,0.18,1.21,550,1
1,"f4",1,6.87251934806718,1.86463217289146,-0.83,-0.82,1.14,-0.02,-0.66,1973.51528042235,1
1,"f0",1,2.65251229014,0.626591711445152,-1.43,-0.24,-0.46,0.83,-1.46,174.383511551789,0
1,"f10",1,4.12869875525186,3.23710331078418,0.4,-0.77,0.16,0.24,0.69,1317.34835038544,1
1,"f0",0,-0.868044557583577,0.0731646632139179,-0.69,-2.17,0.37,2.14,1.75,21.1247716229758,0
0,"f12",1,6.13435145037391,3.98859683737569,-0.27,-0.89,-0.22,-2.02,0.79,1417.7871962174,1
0,"f4",0,4.90406872543888,1.29477325064379,0.98,-1.66,-0.16,0.55,-0.49,80.2600480305233,0
0,"f0",0,-2.14840952866857,-0.535166486499094,-0.06,-0.97,-0.77,-0.71,-0.17,158.166407366174,0
0,"f6",1,2.954474449033,1.06565375911482,-0.32,-2.49,1.54,-0.09,0,80.5171209768486,0
0,"f4",1,0.636515678146202,0.673821104872589,-0.66,-0.24,-0.69,0.24,-0.1,66.5398646760953,0
1,"f2",1,4.14117067516502,1.27428499083118,-0.13,-0.19,0.24,1.37,1.76,550,1
0,"f10",0,1.31056927797648,-0.614860411871327,-0.24,-0.58,-0.75,2.22,-0.18,90.2229477628202,0
1,"f0",1,-0.124043863850692,1.65399500972444,0.19,0.11,-1.15,-0.43,-1.01,192.959069571523,0
0,"f2",1,2.04149063207521,3.44840814451844,0.07,0.18,-1.2,1.35,-1.16,30.6657667775716,0
0,"f0",1,2.17719737158705,0.138925014964578,0.23,-0.83,-0.36,0.36,0.78,6.63457037926314,0
1,"f0",0,3.53735943102372,0.730223826753139,0.63,0.21,0.32,-0.7,-0.24,30.4131285568582,0
0,"f6",1,4.89631662313613,-0.470954371936566,-0.81,0.81,1.12,-0.47,0.69,819.284181822723,1
1,"f14",0,5.7927233312805,3.25360995766354,-0.07,-0.93,-0.61,0.1,0.35,1973.51528042235,1
0,"f12",1,3.0220030293734,3.4369019152184,1.92,0.53,-0.51,0.19,0.42,550,1
0,"f14",0,4.49340116104571,2.12373720656032,-0.83,0.84,0.1,1.54,0.03,42.9580913782509,0
1,"f10",1,3.85044427991305,2.2062326965966,-0.48,-1.17,0.12,0.48,-0.06,1973.51528042235,1
1,"f8",1,3.83737352413874,1.96777163658276,-0.53,0.9,0.1,-1.58,-0.41,1127.34991650801,1
0,"f0",1,1.29768459404758,-0.92418177665992,0.85,0.11,-1.66,-1.64,0.46,0.00979596707710802,0
0,"f6",1,5.94527228284991,0.422229636569431,-0.63,-0.12,2.21,1.54,-0.72,805.620299755978,1
0,"f0",1,6.36977919849594,-0.400413392406047,0.5,0.51,0.61,0.09,-0.99,93.0379315317619,0
1,"f6",0,4.88742454590299,1.97573842571854,-0.11,0.02,-1.31,0.03,0.95,550,1
0,"f4",1,-0.930017046634201,0.460933720740364,0.32,-0.29,1.41,-0.96,-0.23,42.2858312049718,0
0,"f0",1,1.11458889083881,-1.20811180415722,0.52,0.8,0.31,0.01,-2.04,6.08603418853294,0
0,"f6",1,4.24137558489394,2.00247073652733,0.25,-0.88,0.78,-1.4,0.67,182.149662825593,0
0,"f6",1,5.09418033858247,-0.330488552063715,-0.67,0.59,-1.28,0.95,0.82,237.635629120121,1
0,"f4",1,3.62494284370168,0.402075307001706,-1.26,-0.24,-1.17,0.64,0.27,8.3634620758269,0
1,"f0",1,2.88733861748983,-1.0092857929227,-0.17,0.75,1.05,-0.4,-1.64,143.953154725062,0
1,"f8",1,4.77082969156547,1.73403169449548,-1.1,-0.52,0.22,-0.02,0.92,1568.25587057505,1
0,"f4",1,2.6257999129001,1.54188588260698,-0.02,0.29,-0.84,0.58,-0.15,26.3572364891386,0
0,"f4",1,4.06391701306082,0.366580816427394,1.46,-1.89,0.17,0.62,-1.26,286.572034795365,1
0,"f8",1,7.52972148564313,2.26450676775116,0.87,-1.37,0.78,-1.36,0.76,1737.98104981644,1
1,"f0",1,3.34195328365468,-1.03595415748736,-1.65,0.07,0.87,-0.57,0.19,280.610064195485,1
0,"f6",0,3.44815681233977,1.60851872387372,1.08,-0.62,0.67,1.2,0.05,176.57391291419,0
0,"f0",1,1.84597412983163,1.20660656275983,-1.04,1.02,-1.13,-0.01,1.17,139.988090410199,0
0,"f2",1,0.79783199008239,-1.31020650964703,1.04,-0.84,0.65,-0.01,0.94,65.977867615033,0
1,"f8",1,4.98410772603305,4.01192590371371,0.61,0.37,1.74,-0.74,1.29,1973.51528042235,1
1,"f8",0,5.34891354764894,3.63080769383504,-1.36,-1.32,-2.25,0.58,0.73,1086.78224121004,1
1,"f0",1,1.55448550739369,-1.1207459114058,0.38,-1.55,-1.43,1.53,-1.38,222.674902237486,1
1,"f2",1,4.27134123266172,0.418090611124098,0.12,-1.99,-0.08,-0.55,1.12,550,1
0,"f4",1,3.90492502903122,-0.343169186593809,-0.76,-0.04,1.17,-0.28,-0.59,8.79744147697862,0
0,"f0",0,-0.103406516351781,-1.27296870928291,0.46,2.71,-1.02,0.95,-0.79,13.8172812277389,0
0,"f0",1,3.8410963687745,-0.945211131573378,0.33,1.33,1.81,1.12,0.32,133.507960768135,0
0,"f10",1,4.75154977602019,2.23765143112952,-1.31,0,-0.99,-1.14,0.95,550,1
0,"f2",1,3.37378051539242,3.1294590102987,0.85,-1.36,0.52,-0.75,-0.55,550,1
1,"f8",1,4.24973603536809,2.53672866247707,1.38,-0.53,0.36,-1.41,0.86,1068.29087510575,1
0,"f12",0,2.35867817314681,2.1771973734676,0.08,1.01,0.67,-1,0.57,550,1
0,"f0",0,-0.365832897142724,0.0713038838699863,0.97,-0.84,1.31,-0.24,-0.29,21.0997154617317,0
0,"f4",0,2.69865690651384,0.400748949044806,-0.74,-0.63,0.14,0.09,-0.8,0.275161526203406,0
0,"f16",0,1.42063862260696,4.13579548694533,-1.15,0.53,1.86,-0.48,0.91,60.9807870901521,0
1,"f10",1,4.41620534658568,3.7053916494183,0.73,1.5,0.07,-0.74,-0.22,1922.00275602952,1
0,"f8",1,1.44754057225983,0.834475030534271,-0.63,-1.1,-0.11,-0.76,0.34,234.385897149762,1
0,"f6",1,3.09974524565922,0.41988326512057,1.45,1.13,0.63,-1.37,-1.22,294.621502439828,1
1,"f6",1,3.06446934193624,1.68343309323617,-1.39,2.21,1.53,1.51,-0.15,814.97040387979,1
0,"f0",1,5.97927033516823,-0.848453861527172,0.64,0.69,-0.21,-0.2,1.36,70.190543744249,0
0,"f8",1,1.28966845328369,1.32633439194362,1.43,0.2,-0.76,-1.18,-0.09,165.266341868418,0
0,"f10",1,3.5370033978478,2.32280339480544,0.09,-0.49,-0.23,-1.54,1.7,550,1
1,"f0",0,0.431287226554623,-0.689559643358127,-1.64,-0.18,-0.45,-0.33,1.77,1.00600382655085,0
0,"f0",1,0.160775286738767,-1.53424690863326,0.8,0.74,0.35,0.81,-0.5,27.1452386019915,0
1,"f2",1,3.37213266283111,-0.40331585241252,0.58,0.93,1.62,-1.38,-1.48,550,1
0,"f2",1,5.25634514230032,1.36614749545389,-0.09,-0.18,0.32,-0.87,0.04,550,1
1,"f0",1,-0.624273692737896,-2.3503499568532,-1.02,0.74,0.32,-1.42,-1.3,204.683212259027,1
0,"f0",1,4.41404105218947,0.00732659587809714,-0.89,-1.1,-0.26,0.88,0.53,38.5353688045331,0
1,"f6",1,6.13736169759474,2.17251558037502,0.14,0.57,-0.69,-0.36,0.29,1973.51528042235,1
0,"f8",1,2.91319037754305,1.48124777503915,0.29,2.01,-0.74,0.78,-2.11,550,1
0,"f6",1,1.84790688889819,1.01218305867182,0.6,-0.73,0.49,-0.53,0.7,137.02397333644,0
1,"f6",1,2.94729018893853,0.663713995656177,0.34,-0.94,-0.56,-0.32,0.76,1021.28528333426,1
1,"f0",1,5.20497917054155,0.630261100618319,1.8,-1.85,0.14,0.64,2,550,1
0,"f0",1,2.20181804874419,-0.584676120681091,0.75,-0.13,-0.14,-0.27,1.24,0.128664654787335,0
0,"f2",0,1.75228702060515,1.07727561782826,0.57,-0.07,-0.63,-0.39,0.46,0.022426538958883,0
1,"f2",1,4.10057359232853,1.91611195512759,1.73,-0.43,-1.06,-0.35,0.4,550,1
0,"f6",0,3.29770086485415,1.45728455098058,-0.34,-0.5,-0.94,-0.92,-0.52,55.4610238920764,0
0,"f6",1,5.61104351933165,0.167434637359968,-0.44,0.87,0.28,0.92,-1.95,550,1
1,"f8",1,5.07804136404862,1.63046883420527,1.52,2.31,-0.73,-0.97,-0.7,1223.99695654962,1
0,"f2",1,2.19726386527135,0.559927510542567,-1.16,-0.04,0.61,1.64,-0.21,30.8390457470542,0
0,"f0",1,1.24724588836437,-2.4563540345903,-0.99,-0.36,-0.82,-0.21,-1.27,0.357143706257973,0
1,"f4",1,5.02390596518325,1.68883763863108,0.26,1.58,0.97,1.7,-1.21,550,1
0,"f0",1,2.42042916269388,-2.74673394498286,-0.78,0.45,0.7,0.51,-0.88,57.4935966891782,0
1,"f10",0,2.41722272379205,2.87706166027153,-0.15,0.5,-2.73,-1.56,0.53,1038.02906118314,1
1,"f0",1,1.38727082264083,0.413771123865303,-0.7,0.32,-1.08,-0.1,0.86,159.522545062876,0
1,"f4",1,2.7599238097897,0.833278938834779,-0.42,1.45,-1.55,-0.41,-0.42,550,1
0,"f4",1,-0.671076708440484,2.15585328859621,-0.98,1.83,0.27,0.74,-2.37,82.8276233222431,0
0,"f12",0,-0.208975163115835,3.62474502336492,-1.96,-0.4,0.42,-1.24,-0.84,80.8689052377134,0
1,"f0",1,4.23332009293981,-0.514642005699319,-0.51,0.81,0.46,-0.59,-0.44,150.827783642855,0
1,"f0",1,2.65676393628792,-0.838200185120243,0.91,-1.45,1.22,-1.54,1.08,160.607887055333,0
0,"f6",1,3.46447631724317,2.36906582907327,-0.98,-0.56,-0.75,-1.21,-0.91,121.757187395945,0
0,"f0",1,-0.166988837462312,0.662529870680888,-0.67,-0.22,0.81,0,1.62,2.0991680080256,0
0,"f2",1,4.26145372211146,0.17398668764051,0.52,-0.09,-0.89,1.51,-0.12,137.993999264586,0
0,"f6",1,4.19524054434924,1.40040772606005,0.86,-0.81,-0.98,-1.2,0.65,83.2758859383235,0
1,"f0",1,-0.846470111381988,-2.30265508616145,0.6,1.56,1.45,0.03,-1.81,160.444298666303,0
1,"f6",1,4.47605673818401,3.27239669521875,-0.98,0.26,-0.81,0.34,-0.69,869.40998050662,1
1,"f6",1,2.32615599990089,2.14592072114537,-1.12,-0.15,0.84,0.41,-1.49,887.42724379193,1
0,"f0",1,3.75843063721563,-3.36877510437843,-0.01,0.72,0.31,0.41,0.69,287.293244627163,1
1,"f10",1,3.47664736677552,2.63767079850193,-0.68,-1.81,1.03,-0.55,0.03,1782.29588978611,1
1,"f2",1,1.791329429292,0.229457209991208,0.58,-0.38,-0.86,0.24,0.73,550,1
1,"f6",1,8.48457068137265,1.70158945090756,-0.02,1.47,-0.1,0.94,0.5,1973.51528042235,1
0,"f4",0,5.01041486977927,2.08690271475394,-0.48,-0.22,0.4,-0.03,-0.43,206.61943756034,1
0,"f0",1,3.34516550935275,-0.965792600177563,-0.95,-0.66,-0.25,0.49,-0.63,97.1333043540739,0
0,"f0",1,-2.33170859028972,0.681412241267824,-1.08,-1.45,-0.59,0.47,-0.77,15.3266933343508,0
0,"f0",1,4.3372807180918,-1.87139007953938,0.03,-0.93,2.42,-1.3,0.53,10.0628427304581,0
0,"f8",1,6.09829572553921,3.1046664181757,1.77,0.75,-1.13,-0.65,-1.29,1371.53652527595,1
1,"f0",1,1.56843284702148,-0.932697108559246,-1.33,-0.4,1.7,1.39,-2.55,145.269673491989,0
1,"f0",1,2.96319197001306,-0.771450997843969,-2.23,-0.2,-0.93,-3.15,-0.17,143.92002827517,0
0,"f4",1,3.32310536210005,0.0355652322809936,1.12,0.52,-0.43,-0.05,0.22,122.430804997162,0
1,"f12",1,5.72785701765734,2.45107719850081,-0.83,-0.01,-1.02,0.32,1.9,1973.51528042235,1
0,"f0",0,0.529461174144157,-1.51452516322594,-0.05,0.3,0.37,0.94,0.3,37.8844369209974,0
0,"f2",1,1.48538542334275,2.2278504324974,0.27,-0.19,0.55,0.39,-1.55,52.4113165866376,0
0,"f0",1,1.58332915218446,1.73846321768677,0.06,-0.41,0.63,-0.78,0.08,80.9681160916537,0
0,"f4",1,2.08016727501954,1.95798430221695,-0.1,1.02,0.05,1.07,-0.75,231.28850287779,1
0,"f0",1,-0.187801933517715,-4.43455742118123,-1.04,-0.24,0.38,-0.79,-1.34,90.1469146818259,0
1,"f2",0,-0.484317837758838,-0.362655251894259,0.63,0.42,-1.23,1.31,-0.04,202.070571856,1
0,"f0",1,1.61477375424567,-1.75184031907615,0.44,-1,-1.4,-1.12,-1.29,179.889678979764,0
1,"f0",1,2.12662312606598,0.198819933655279,-0.82,0.44,0.26,-1.49,-0.26,238.688522597642,1
1,"f0",1,-1.05117521771624,-0.665797287720913,-0.12,-0.32,-1.14,1.5,0.93,146.881708722359,0
1,"f4",1,3.38592847713298,0.768843970347302,-1.08,-0.07,-1.84,0.54,-1.16,550,1
0,"f18",1,5.27323263086964,5.58848633205957,-0.24,0.34,0.18,0.38,1.25,1737.98104981644,1
1,"f0",1,1.62415230585403,-0.0218682808727697,-2.72,-0.49,1.38,-1.78,-1.55,158.775500745332,0
1,"f6",1,1.17082137595431,3.03512010342592,-1.02,-0.4,-0.38,0.28,-1.55,842.099955095862,1
1,"f0",1,2.47025947990622,-0.705601545885124,-1.01,1.64,0.49,-2.05,-0.84,143.988492540305,0
0,"f6",1,9.91367262503182,1.36627975525186,-0.36,0.24,1.12,0.36,-0.76,1737.98104981644,1
0,"f2",1,6.34861439361301,0.511177017698012,-1.53,-1.66,-0.16,1.17,1.2,550,1
0,"f2",1,0.851977573388056,1.72727978928058,-0.53,1.17,0.88,-0.41,0.48,23.9415922216735,0
0,"f6",1,1.00068270591947,1.22569115118629,0.19,0.23,-0.35,0.73,0.2,49.7774892065736,0
0,"f4",1,1.77734795175248,1.51418140146899,0.08,0.41,-0.7,0.11,1.77,5.17390386885291,0
1,"f10",1,6.14102976116988,1.89159082412855,0.02,-0.48,-1.52,-0.88,-1.22,1973.51528042235,1
1,"f0",1,0.379798328919552,-2.83732260950736,-1.3,-1.08,-0.28,-1,0.41,550,1
0,"f16",0,0.469928778292503,3.57257605756849,-1.63,0.23,0.48,0.03,-1.1,49.6237082964343,0
1,"f6",1,5.2444054350528,1.72134740229677,0.22,1.05,0.27,-0.74,0.51,1447.41539569335,1
0,"f4",0,0.704038656182576,1.0596106989287,1.31,-0.01,-0.9,-0.16,-1.93,0.138093264188302,0
1,"f8",1,5.66338579123961,3.12795764080493,0.22,0.17,-0.63,1.33,1.17,1973.51528042235,1
0,"f0",1,4.17009510695119,0.364526578796728,1.25,2.43,0.03,-0.05,0.63,0.137208313865939,0
0,"f14",0,4.07841730646942,4.0346923165389,1.47,0.1,0.7,2.13,0.04,86.2003233768324,0
1,"f0",1,0.897332950222211,-1.05313781191168,1.21,-0.9,1.11,0.41,-0.71,178.0400810607,0
0,"f0",1,1.22752153973749,-1.62161323657053,-3,0.68,-0.64,-2.23,-0.19,9.35399052507321,0
1,"f4",1,3.98136764710758,0.141885033152822,1.94,1.4,-1.55,0.33,-0.93,852.087531305592,1
1,"f0",1,-3.2345880790925,-2.59303130331905,-0.42,-1.23,0.56,-0.85,-0.5,189.142731661159,0
0,"f2",1,3.91241039086178,0.962656576830694,0.73,-0.77,-2.29,1.02,1.63,15.9339927174878,0
1,"f0",1,1.32153684659171,-0.158392014279026,0.14,-0.1,-0.23,-0.43,0.08,209.321400432062,1
0,"f0",1,6.86131317651197,-1.46083874931412,0.47,-1.28,-0.92,-1.64,0.11,1143.77829641196,1
1,"f4",1,2.329858202731,1.18422110759475,0.8,-0.01,0,-0.98,1.14,550,1
0,"f10",1,4.94770347279479,3.08195544161217,-0.81,-1.07,-0.68,-0.86,0.37,863.671093786629,1
0,"f10",1,6.62959261777655,2.47784304856015,1.06,0.02,-1.72,-1.48,-1.81,1344.51224794896,1
0,"f14",1,5.59574365497297,2.39934654845985,1.68,0.32,-0.19,1.3,1.24,1737.98104981644,1
0,"f10",1,7.39657750179234,4.13150076692228,-0.82,0.53,0.27,0,0.65,1737.98104981644,1
0,"f6",0,1.88982085878057,0.256619613866619,-0.01,0.06,-0.58,1.21,-0.54,73.8937009146956,0
1,"f0",0,0.276166235709408,0.00412577073152012,-1.44,0.36,-1.24,-1.31,1.24,24.2012152113494,0
1,"f0",1,2.12111651207486,1.01220676409089,-0.71,-1.36,1.45,-0.49,-0.72,198.971699042193,0
0,"f10",0,0.458298966632238,1.04155988001518,-1.04,-1.09,-0.71,0.47,1.15,234.904717271114,1
1,"f0",1,1.4951186246622,0.204870957094506,-0.69,0.78,0.81,0.27,0.62,185.462134380967,0
1,"f10",1,2.87019889124727,2.05248670459358,1.08,0.37,-0.75,0.71,-0.44,1940.47429714436,1
1,"f0",1,4.5041622123109,-1.32096919737478,-1.43,0.35,-0.83,1.18,-1.24,155.718350843165,0
1,"f6",1,6.00586769673228,0.515367568549427,-0.54,1.54,0.86,0.13,1.65,1973.51528042235,1
0,"f0",1,4.32800553976859,-2.20993272497213,-0.19,0.48,1.55,1.68,-1.57,24.098159622453,0
0,"f16",1,7.06082941318868,4.27433247517164,0.51,0.84,0.51,-2.37,0.2,1737.98104981644,1
1,"f0",1,3.2232313653249,1.3050422661159,0.66,-0.34,0.79,-1.07,-0.03,199.90386676495,0
1,"f8",1,4.02868124488601,2.65860218124754,-1.51,-0.9,-0.64,-0.29,-0.31,1430.89810357304,1
0,"f6",1,4.1436261977909,1.00476293542123,-1.99,-0.74,0.01,-0.48,-1.74,41.9059436808378,0
1,"f8",0,5.25272162911841,1.91679105799814,-0.24,0.85,-0.06,-0.7,0.01,936.693461215029,1
0,"f4",1,7.66621294768072,1.90513350370415,-0.87,-0.22,-1.99,-0.71,0.44,1737.98104981644,1
0,"f0",1,-1.37645767922672,-0.227644081376063,1.01,2.07,1.67,0.4,-0.91,0.226606014077453,0
0,"f2",1,4.19681119135405,0.0159196917390313,-0.85,-0.7,1.25,-0.1,-1.3,164.980390793184,0
1,"f4",1,3.02785215425769,1.61205729730448,-0.47,1.88,-0.95,1.63,-1.75,550,1
0,"f2",1,5.86539329133707,-0.654901827426125,1.18,0.66,-1.13,0.57,0.39,550,1
0,"f6",1,0.641474652325898,0.668271200026647,-0.26,-0.2,-0.06,-0.98,1.16,91.6319613209193,0
0,"f8",1,6.18765919208041,2.8967666454645,0.22,-0.87,0.19,0.18,1.65,1652.40060799729,1
1,"f0",1,1.88991340600068,-0.203625293804676,-0.55,-1.02,-1.63,-0.73,1.05,156.063357379537,0
0,"f2",0,1.99389848016902,0.134540172557019,1.32,1.06,-0.18,-0.44,-0.84,11.1250775034575,0
0,"f0",1,4.84154414828854,-1.55535222528434,-0.68,0.01,0.77,2.07,0.47,2.78322447179421,0
0,"f6",1,0.965056476227311,1.84294385250921,0.77,0.03,0.76,-0.22,-0.84,17.1674989349222,0
1,"f12",1,4.56502403944201,2.8391285068718,-1.56,0.95,-0.67,-0.29,-0.13,1691.26177373628,1
1,"f4",1,0.289637856416698,0.886916946484307,1.02,0.75,-0.84,0.44,-1.53,550,1
0,"f0",1,0.029258062097484,-1.26673479709325,0.21,-0.33,-0.35,1.57,1.31,9.69193144112272,0
1,"f6",0,-0.668013858330206,2.21952062936276,0.15,-1.17,-0.78,1.14,0.85,550,1
1,"f8",1,4.69802394717672,1.82820715521032,-0.9,0.22,-1.24,0.29,-0.21,1234.74799882756,1
0,"f2",1,4.80073566656846,0.887854419300926,0.44,-0.46,-0.9,0.79,0.47,11.9796611836006,0
1,"f0",1,5.85170112266941,-1.74021037616234,-0.8,0.84,0.69,1.64,1.48,550,1
1,"f0",1,-1.09772364631583,0.991843589874962,-0.1,-0.34,0.23,0.04,0.11,145.717422011999,0
1,"f0",1,3.46007336716764,-0.429442557311726,0.19,-0.15,-1.04,0.86,0.22,143.82886817829,0
1,"f0",1,1.04492187750816,-1.38537825321854,0.27,1.37,-0.9,0.09,1.01,271.573862569648,1
0,"f8",1,3.64350098182513,0.986280707970891,0.02,-1.21,0.09,0.8,-0.45,285.638723288201,1
0,"f0",1,6.13243348733985,-1.04285227785512,0.75,-1.78,0.38,0.63,0.45,239.904435199639,1
0,"f0",1,-0.548004297414112,-1.01978715422094,-0.48,-0.06,-0.64,0.3,-1.08,35.6310965375008,0
0,"f0",1,1.87673847957289,-2.91037076804261,-0.81,0.72,1.13,0.12,-0.77,10.4499279958501,0
1,"f2",1,5.42608378554448,0.438172486056374,0.79,-0.35,0.35,-0.12,-1.55,550,1
0,"f8",0,0.708605844510963,0.222705335962456,-0.03,0.27,-0.23,-0.31,-1.07,78.3923447649816,0
0,"f0",1,0.463317217864311,0.131427644774959,0.26,-1.34,1.73,-1.85,1.5,0.157865014316616,0
1,"f4",1,1.76920258754502,0.625150840697513,0.61,-0.54,0.05,-0.67,-0.48,550,1
1,"f0",1,5.48870343680578,-1.17747679821907,0.02,-0.48,-0.32,-1.17,1.11,550,1
1,"f6",1,0.743388751511755,1.88695439084858,-1.31,0.21,1.81,0.04,-0.36,976.098207598979,1
0,"f2",1,3.03628236621591,0.210144738897708,-0.16,-0.13,0.17,1.82,-1.01,550,1
1,"f0",1,1.42958198850142,-2.84881249697998,-2.16,-0.24,-2.13,-0.54,0.79,144.170315863046,0
1,"f4",1,1.60890571243329,1.34064752162498,0.68,-0.09,-0.87,0.18,0.48,550,1
0,"f8",1,6.02063399472224,2.37580925947341,-0.57,-0.01,0.21,-0.13,-0.57,1658.63852061654,1
0,"f12",0,3.50868378185482,4.34066238778809,0.21,0.8,-0.44,-0.14,-0.66,111.368398813988,0
0,"f2",1,2.897881937723,-0.859195745002302,-0.36,-0.97,-0.73,0.11,0.82,9.86369774203323,0
1,"f0",1,1.53376484096857,0.438725126003132,0.86,-0.81,0.06,0.09,-1.15,145.974685213284,0
0,"f0",1,0.730970885503107,-2.36927484716148,1.42,-0.39,-0.56,0.31,-0.27,550,1
1,"f2",1,0.673821521924548,-0.135249099876434,1.2,1.74,-0.8,0.91,-0.67,550,1
0,"f2",1,5.42019898757936,0.307617561985714,-1.2,1.34,0.4,-1.29,-0.95,550,1
1,"f14",1,2.12726123609833,2.65167340828149,-0.54,-0.13,0.15,0.7,-0.48,1973.51528042235,1
0,"f10",1,4.62917661624651,2.56041673350429,0.45,-0.13,-1.66,-0.2,0.12,550,1
1,"f0",1,2.54692841562338,-1.54393009507745,1.07,1.07,-0.73,1.9,-0.68,169.548911502016,0
0,"f4",0,-0.243841289658368,1.03878821779436,-1.25,-0.23,-0.37,-0.62,-0.88,20.4553126031364,0
1,"f12",1,5.2461960748467,5.05160613710019,2.57,-0.98,0.7,-0.56,1.66,1973.51528042235,1
0,"f4",1,3.21771239432668,2.56836880789399,0.95,-0.13,-0.95,-0.55,-0.85,60.0211344141235,0
0,"f6",1,4.92636507025325,2.06626424079162,0.83,0.78,-0.2,0.43,0.1,550,1
1,"f0",1,2.91069740177796,0.854189809554462,-1.42,-0.04,-0.42,1,1.95,179.242248309736,0
0,"f0",1,1.91663391069266,-0.645556753443965,-1.27,0.18,1.79,-0.1,1.54,5.96254873156482,0
0,"f8",1,6.04674995412893,0.385693453001078,0.3,-1.02,-1.9,-1,0.41,1312.44519261649,1
1,"f6",1,2.03168993692228,2.20457286616364,-1.48,-0.07,-1.47,-1.05,-0.79,550,1
1,"f0",1,1.0452230822194,-1.27491380193769,0.49,1.05,0.85,-1.06,0.54,144.371165666869,0
0,"f8",1,3.38137489383135,2.48979085429742,2.5,1.64,1.16,1.38,1.39,550,1
0,"f8",0,1.12844173790378,4.10358801363034,-0.06,0.14,-0.31,1.11,1.12,14.0426745953846,0
1,"f12",1,-0.667446265868965,4.02654377628555,0.33,1.44,0.97,-0.01,-0.3,1618.88776471835,1
1,"f6",1,5.75576702110788,1.52186491023868,-0.04,-1.85,-1.74,-0.71,-0.03,1418.20724982051,1
0,"f4",1,2.22004438692614,1.71913329965547,-0.97,-2.14,0.08,0.08,1.05,18.7334162934601,0
0,"f0",1,-0.897333255889617,0.360327721040279,-0.5,0.45,-0.07,0.34,-0.11,0.121136657874055,0
0,"f6",1,3.66208378194902,0.455164570020512,-0.18,0.24,-0.27,0.99,-0.09,95.7301906413109,0
0,"f8",1,2.58248960808968,2.63946836598336,-0.85,0.15,1.07,1.26,-1.36,550,1
0,"f0",0,-0.418179987297154,-1.07406064234151,0.25,0.09,-1.23,0.16,1.08,50.0673290524993,0
1,"f4",0,-0.60482857411312,0.721234843601038,0.19,2.91,0.12,-0.36,-0.46,550,1
0,"f4",0,-1.93895183881908,0.968166573299635,0.8,1.15,1.2,-0.05,-0.89,9.39160411856013,0
1,"f4",1,5.73911278613443,0.844121085704612,-0.84,-1.03,-1.33,0.43,-1.01,1255.54275101672,1
1,"f0",1,0.112836038014781,-3.96647353785359,-0.11,0.15,0.31,-0.97,0.11,550,1
0,"f10",1,4.40402504215366,2.63477675287739,-0.94,-0.41,1.89,-1.19,1.97,550,1
0,"f2",1,2.00827175597301,1.01673820303294,-2.09,-0.21,0.16,0.13,-0.18,0.307859495374946,0
0,"f0",0,3.06012505912609,0.229633225425084,-0.62,-0.1,-1.34,0.38,0.1,3.65248931829001,0
1,"f8",0,1.97491643770603,1.2551784065905,-0.24,-1.66,0.79,0.84,0.57,550,1
0,"f8",1,6.61853715695034,2.19282428748164,-0.99,-0.76,-0.53,-0.06,-0.01,1737.98104981644,1
0,"f6",1,5.95380564724475,0.545738546456052,-0.28,1.03,-0.09,0.96,0.66,550,1
0,"f0",1,1.11901601628585,-1.70463147514838,1.16,-0.27,0.78,0.37,-0.83,19.1227532441653,0
1,"f6",1,1.93256136249452,2.0028087245752,-0.52,-0.31,0.97,-1.19,1.9,882.001661272835,1
0,"f10",1,4.61936213202558,2.80635698734874,0.08,-0.76,2.15,-0.34,-0.96,550,1
0,"f2",1,5.80951987931676,1.25274046041899,1.15,0.72,-1.68,-1.13,1.26,550,1
1,"f4",1,1.5516509544812,2.06560237911223,0.41,0.35,0.21,-1.09,-0.35,550,1
0,"f4",1,6.73593515922006,1.90680576161494,1.86,-1.53,-0.24,1.09,0.29,550,1
0,"f0",1,4.38088268149104,-1.31336185103572,0.37,-0.67,-0.02,1.14,1.49,189.179203513646,0
1,"f4",0,1.59555955851127,1.10903469336204,0.73,-0.2,0.37,1.04,-0.27,550,1
0,"f2",1,2.76845939344029,-2.13324790129827,-0.06,1.03,-0.21,0.53,-1.04,131.56885770037,0
1,"f6",0,1.03963548333772,2.85327605984127,0.05,-2.3,-0.62,0.55,0.44,550,1
0,"f2",1,-0.333188943515843,2.56394707545338,0.64,-0.87,-0.34,0,-1.72,2.17817354372825,0
0,"f8",1,4.95396611878609,2.84518916372849,-1.4,-1.53,-0.58,0.83,-1.09,550,1
0,"f0",1,0.0720824769943831,-2.42805377307388,-0.33,0.97,0.05,0.94,-1.34,5.03783449780666,0
1,"f4",1,5.85175780307509,0.30131475421134,2.06,-2.46,-0.73,0.04,-0.56,1556.38056369186,1
1,"f0",1,5.96216179255541,0.489752556534278,-0.61,-1.51,0.03,0.43,2.44,550,1
0,"f0",1,3.82070681438871,-0.842742542577133,1.59,-1.1,0.13,-0.09,1.27,4.64800771694722,0
0,"f4",1,3.89922949016605,0.763085933042326,-0.02,0.06,-1.36,0,-0.65,225.902982911088,1
1,"f0",1,1.7776637061063,-0.0361768687979154,-1.35,1.62,1.56,1.37,-0.23,145.106031624873,0
0,"f0",1,2.64224905288098,-2.72001826593642,0.32,-2.26,-0.49,-1.48,-0.13,7.58410146782533,0
0,"f10",1,3.17610962182404,2.00485169902412,-0.23,0.95,-1.84,-1.31,-1.29,145.648325290391,0
1,"f0",1,3.26926142845378,-0.997595185408418,-0.15,-0.69,-0.49,2.75,-0.18,221.637365631601,1
0,"f2",1,4.54853792631953,1.97865026937314,2.24,-0.32,-0.57,0.26,-2.13,185.281271002215,0
1,"f10",1,3.71746576388088,2.22077639000549,-0.32,-0.19,0.67,-0.54,0.73,1492.85281595763,1
0,"f0",0,5.0889963050542,-1.40827934217997,0.61,0.47,0.32,0.39,-1.2,285.129067258413,1
1,"f18",1,6.74918912119115,4.10712959430354,1.46,-1.45,-1.44,0.32,2.41,1973.51528042235,1
1,"f10",0,2.50381884355953,2.25095164601968,-0.55,0.66,0.77,-1.65,-0.8,1003.61527199613,1
0,"f4",1,0.956416565726269,-0.264595211426055,0.49,-0.49,-1.68,0.23,0.75,85.4913800084162,0
0,"f8",1,1.49011391442403,2.14505924821721,-1.07,-1.38,-0.02,0.62,-1.39,209.90274440189,1
1,"f14",0,0.71035766481151,4.8450626841785,0.29,0.87,0.43,-0.61,-1.03,1439.61405068087,1
1,"f0",1,1.65334254226839,-0.418167702033561,1.92,-0.2,-0.5,0.81,-1.27,149.095814537649,0
0,"f12",0,4.11381166822512,3.13556520658027,0.72,0.07,0.34,2.3,0.22,550,1
0,"f14",0,3.09516446042505,2.01435983271436,2.11,0.1,-0.09,0.39,0.25,550,1
0,"f12",0,4.68384537607121,1.98294956781893,-0.75,0.02,-0.28,0.93,-0.27,550,1
1,"f10",0,3.64138313198166,3.22127491802488,-0.86,0.15,0.6,0.02,1.26,987.557438456973,1
0,"f6",0,2.2959572593893,0.147972393268206,-0.41,0.08,0.79,-0.11,-0.86,93.2806421521452,0
0,"f6",1,6.5910284418137,1.1333791916981,1.89,-0.14,0.19,0.32,0.84,847.939446525874,1
0,"f0",0,1.1834980511202,-1.55107359386514,0.03,-0.31,-0.18,-1.46,0.63,4.60850311389031,0
1,"f10",1,3.93199226922866,0.877554589531243,0.36,0.68,-0.7,-2.59,-1.16,1643.62242402624,1
1,"f0",1,1.62973718736036,-0.427501594056626,-1.91,-1.1,-0.11,0.01,0.99,145.010188752849,0
1,"f16",1,6.34513484641862,4.30421613381026,0.54,1.11,1.29,1.13,-0.29,1973.51528042235,1
1,"f0",0,1.94186499830429,0.742008155446177,0.43,1.18,1.13,0.19,0.83,0.673251734524677,0
0,"f2",1,2.25031850307551,0.296280309933691,0.22,-1.79,-0.51,0.7,1.58,16.2534098642263,0
0,"f0",1,1.01049442311751,-0.444247593082248,-0.46,-1.63,0.88,0.97,-0.77,22.5072946350049,0
0,"f10",1,2.20131252981106,1.99718677299161,1.01,-0.71,-1.94,-2.13,0.04,128.400914965791,0
0,"f0",1,-0.858265656325607,0.936928897846759,-2.14,0.02,-0.9,0.41,-1.69,15.7324371646727,0
0,"f10",1,3.25912759154494,1.88194003745628,-1.42,1.38,-0.45,0.37,-0.4,550,1
0,"f2",1,6.41035605953703,1.88639530340135,1.31,-0.11,0.02,-0.12,-1.48,893.746774077656,1
0,"f0",1,0.492285271265374,-1.90430675113527,-0.53,0.05,2.03,1.46,1.15,550,1
0,"f0",1,-0.658103818864679,-1.70191662878107,0.24,-0.28,-1.56,0.32,0.69,3.41007987473162,0
1,"f6",1,3.19980982277794,1.02310090916592,-0.45,-0.45,-0.97,-0.06,1.61,1071.04212952773,1
1,"f10",1,3.64999961537585,2.68800163940158,-0.86,0.92,0.67,-0.11,0.59,1819.46558305538,1
0,"f0",0,1.06252478075,0.106693057849974,1.27,-0.01,0.84,0.65,-1.05,16.3450901345483,0
0,"f4",1,2.17704175969086,1.96136170646732,0.07,0.9,0.54,-0.76,-2.83,163.890585164574,0
1,"f0",1,0.881775052326465,-0.985518552534802,0.73,0.28,0.34,0.3,-0.47,187.455546099224,0
1,"f4",1,3.06167320341601,0.93683272504356,0.63,-1.45,-1.2,1.91,-0.04,550,1
1,"f0",0,2.43545293689022,1.25914025763151,0.78,-0.3,1.73,1.28,0.52,25.996566803631,0
1,"f6",1,2.27299897549128,2.47177541965423,0.93,-0.73,1.06,0.19,-0.5,996.053552796488,1
1,"f10",1,6.44048396729013,2.64980772300038,1.03,1.09,-1.78,0.29,-2.33,1973.51528042235,1
1,"f0",1,3.31495436488002,-1.30160107236911,0.35,-0.16,0.52,1.53,-0.52,157.983374641045,0
0,"f2",1,4.46387042831786,0.713379016746748,0.86,0.56,1.71,1.12,-1.04,70.7845005476692,0
0,"f12",1,8.2139761756133,3.78560748468358,-0.66,0.48,-0.79,-0.17,-1.17,1737.98104981644,1
1,"f12",0,4.98204268298073,4.03945804322906,1.7,-0.26,0.9,0.77,-0.88,1286.2535166407,1
0,"f4",1,4.68631594721092,0.926436463997565,0.72,1.84,-1.54,0.71,1.47,212.097557220434,1
0,"f0",1,5.17284496410971,0.587907570425209,-0.95,-1.01,-0.71,2.16,0.32,139.071991524912,0
1,"f6",0,5.7501532612851,1.12107067174923,0.19,2.94,0.32,0.42,-1.47,1196.57386372058,1
0,"f6",1,3.47805324371081,2.40272163091909,-1.5,1.28,0.56,0.01,-0.76,550,1
0,"f0",1,0.209346959036661,-0.550560034037205,-1.32,0.45,-0.42,0.95,1.12,7.51082845769886,0
0,"f0",1,2.85049247115533,-1.09027928146984,-0.25,-0.55,1.67,1.14,0.58,76.0273812608531,0
1,"f0",1,3.10954902003052,0.679491783504798,-1.06,-1.05,-0.81,1.22,-1.45,158.480794183208,0
0,"f0",1,2.12142169310317,-2.07975254019225,-0.26,-0.96,-0.32,0.27,-0.04,74.6716057160679,0
0,"f4",0,3.92977289858535,0.232415649048942,2.49,0.98,0.55,0.48,0.08,100.588003540115,0
1,"f4",0,-0.849683111222126,1.48121145730253,0.29,0.06,0.09,1.51,0.27,550,1
1,"f6",1,3.79245778583442,-0.481784784621705,-0.21,0.99,1.4,1.62,0.3,1162.8657106947,1
0,"f0",1,2.95451145491009,-0.643163565390985,-0.96,-0.41,-0.07,1.52,0.64,25.1789911705916,0
1,"f4",1,3.80175816624655,2.24925744981273,-0.73,0.08,-1.15,1.56,-0.73,550,1
1,"f2",1,5.39796427184365,1.60762283652342,-0.74,-1.25,0.26,0.09,-1.24,550,1
0,"f0",1,0.962878712543103,-1.9555732625719,-0.02,-0.75,-0.87,-0.3,0.45,2.26028820658253,0
1,"f0",0,0.41453743912305,-0.386343978421754,-0.72,-0.16,0.04,1.03,-1.64,29.1051543214429,0
1,"f2",1,2.12066341770922,0.289129889414998,-1.98,0.38,-0.8,1,1.7,550,1
0,"f0",1,-0.215784816398564,0.866874943479559,0.72,-0.54,1.1,-0.81,-0.91,0.279318614706131,0
0,"f8",1,3.66706122448928,1.70326686807922,1.19,0.96,2.12,0.6,-0.19,550,1
0,"f2",1,3.35419498146445,1.15396782185957,0.3,-0.27,0.21,-0.69,-0.34,35.5008786943337,0
1,"f0",1,3.2648398613551,-1.15341275947246,-1.62,-0.61,0.08,0.38,1.37,191.362133720189,0
0,"f6",0,-0.422574219432013,0.928791280076514,-0.94,0.03,-0.36,0.5,0.05,12.7626445841902,0
1,"f0",1,4.55866553353629,-0.389229837259958,-0.01,0.64,-0.03,0.72,-0.36,280.91725000014,1
1,"f0",1,3.62342118243681,-0.759078961652289,1.03,-0.08,-1.38,0.71,0.22,188.342847175079,0
0,"f0",1,0.594434315004297,-1.18447239904746,-1.12,1.13,1,-1.92,-0.74,4.73923523272818,0
0,"f6",1,4.41124615445409,0.683898363282509,0.62,-1.63,-1.13,0.6,-1.28,299.564931324407,1
1,"f2",1,1.05508631231964,1.02493781714515,0.48,-0.88,-0.92,0.4,0.58,550,1
1,"f10",1,-0.520848171550751,2.84139228380069,0.94,0.5,-1.35,-0.14,0.37,1200.29315148059,1
1,"f0",1,4.31353378485616,-2.04849317603037,-1.01,-0.08,-1.82,0.23,-1.16,234.311082606802,1
1,"f4",1,4.40525980974013,2.38754518141266,-0.57,0.63,0.8,-0.34,-0.4,1002.37677745707,1
1,"f4",1,5.1818194015816,-0.048630839335515,-0.61,-2.82,0.26,1.41,0.83,973.462343346913,1
1,"f0",1,4.74846286050982,0.479582469742466,-0.41,1.65,1.36,1.44,-0.54,248.368286208888,1
0,"f4",1,2.00106890919389,2.65561869954464,1.75,0.61,-0.24,1.26,-1.19,25.9295427564359,0
0,"f4",1,3.54913855854973,0.449469708073816,-1.49,-0.17,1.22,-1.79,0.35,550,1
0,"f0",1,0.509559764661699,-2.01577926929637,0.18,0.05,1.95,-1.41,-1.82,13.2829550598116,0
0,"f4",1,2.56864329898001,1.30340882959837,0.25,-1.37,2.11,1.52,-0.79,276.742618037727,1
0,"f2",0,2.61077555894295,1.3527834571403,-1.83,-0.51,0.15,0.03,-1.22,58.3266955160222,0
1,"f0",1,1.8444822009192,-1.52845700927254,1.84,0.19,-0.64,-0.46,1.44,160.249715368877,0
0,"f4",0,2.56739829421024,1.92344303470728,0.06,-0.9,-1.18,1.29,0.13,27.497229718253,0
1,"f12",1,1.76432943519839,2.12998811497926,-0.5,-0.2,0,1.19,-0.82,1405.79935132713,1
0,"f2",1,2.39950021334144,1.59377356648877,-0.29,-0.26,-0.08,-0.67,1.9,112.15246775443,0
0,"f0",1,1.12193682984059,-2.33403967467647,0.37,-1.24,-1.86,-0.1,-0.37,550,1
0,"f4",1,1.77784855538039,1.20598263475164,1.19,-1.11,-1.79,-0.06,0.57,2.90244332807747,0
1,"f8",0,2.43721347871137,1.16979064853009,0.04,-0.73,0.47,-0.77,-1.46,550,1
0,"f2",1,2.92254632397407,2.58523220560843,-0.02,-0.38,-0.55,0.14,-0.34,188.184593335081,0
1,"f0",1,-0.662010955764297,-1.78844066270051,-0.23,0.7,-0.99,-0.91,-0.19,149.765234296768,0
0,"f0",1,2.85230010624327,-0.300907379873094,-2.13,0.17,-1,-0.38,0.93,39.0149702294752,0
0,"f6",1,5.65153874003923,1.3344488134621,-0.51,-0.36,-1.33,0.83,-0.77,550,1
0,"f0",1,0.13044365606943,-1.75537420138935,-1.21,1.02,0.54,-0.38,-0.46,50.0100306686906,0
0,"f2",1,-0.557896609180631,0.420026920296952,-0.39,-2.29,0.46,0.62,0.63,0.356420370645881,0
1,"f0",1,4.00637672188203,-1.07041141933452,-0.69,0.59,-2.12,1.45,-0.89,165.965926316413,0
1,"f6",1,5.08867795568528,0.219567250173506,1.03,0.98,-1.13,0.8,-0.22,1120.70641907185,1
0,"f18",0,4.93070758410746,5.86051572349032,1.62,0.46,-1.3,1.43,-0.94,1027.88857178253,1
0,"f0",0,1.41774558726411,-1.90791577442762,-0.01,-0.09,1.57,0.17,2.15,2.02908902235353,0
1,"f2",1,6.85694398057273,1.9341879965473,0.86,0.06,0.24,-1.07,2.03,1667.65636882975,1
0,"f0",0,1.21812007697561,-0.402974957938574,1.61,0.54,0.57,-0.64,0.1,0.688883442172308,0
0,"f2",1,2.61099010838689,-0.413969956337667,0.73,-0.05,0.22,1.03,-0.01,0.0882103010259084,0
0,"f8",1,2.34615184917322,2.1103552763623,1.12,0.1,-1.39,0.64,0.27,201.741782793937,1
0,"f2",1,3.34011239177387,-0.0419565094939106,-0.07,-0.57,-0.34,2.04,2.25,64.1481443014078,0
1,"f10",0,2.7592440540559,1.58738495172214,-0.93,0.06,0.35,2.28,-1.43,1190.84025741516,1
1,"f2",1,2.25113794250341,0.388957549310634,0.66,0.07,-1.31,0.53,-0.06,550,1
0,"f4",1,5.72558436539718,0.875090189227273,-1.61,-0.65,0.82,2.49,1.7,550,1
0,"f0",1,1.80540083779056,-0.797275465906685,-0.25,0.62,1.48,0.41,0.77,0.412410710140133,0
0,"f0",1,2.02738105867866,-0.679082086344782,-0.88,-2.34,2.42,0.77,-1.15,0.00356309310414269,0
0,"f0",1,3.59638651689304,-0.540600354375689,0.66,0.48,0.11,0.75,-1.31,1.15690603004158,0
0,"f6",1,2.95211198788937,1.19736858944687,-0.28,-0.06,0.07,-0.84,-0.11,550,1
0,"f10",1,7.1948628407269,1.21227973565392,0.42,0.09,-1.32,0.8,0.2,1737.98104981644,1
1,"f4",1,4.47890472677856,1.15660416279343,0.55,0.3,0.2,1.61,1.69,839.071722412057,1
1,"f8",0,3.13489432510902,2.90728966625425,-0.46,1.42,-0.07,0.93,1.99,899.924726478994,1
0,"f0",1,0.937412477027307,0.11437967807441,-1.23,0.5,0.68,-0.7,0.13,16.0360955115476,0
0,"f6",1,-0.508768653933584,0.915859692452256,-0.02,-0.28,0.47,-2.13,-0.53,87.8521025257335,0
0,"f10",1,6.09717458245897,2.37710125168088,-0.94,-1.64,0.41,-0.4,0.36,1537.01816173875,1
1,"f6",1,5.13629997745484,1.51071036587636,0.67,1.56,3.06,-0.78,-0.32,1736.62599226062,1
0,"f0",1,2.77068693667567,-0.882228294532223,-0.58,-0.6,-0.2,-0.45,-0.6,18.2751346377997,0
0,"f0",1,1.02980061701588,-0.317042764933967,1.9,1.05,1.19,-0.6,1.87,0.137365364603259,0
0,"f6",1,0.99021092861186,1.509723061222,0.28,-0.24,-0.97,1.09,-0.91,24.2280769748273,0
1,"f0",1,1.69464260474644,-2.14087591610523,0.87,-1.8,-1.13,0.46,1.92,174.092923129012,0
0,"f6",1,2.17931412941915,2.130814521226,-0.87,-1.08,-0.12,-1.1,0.86,116.572944084902,0
0,"f6",1,6.86340648172755,3.2150695318638,0.53,-0.22,0.79,-0.19,-0.31,1737.98104981644,1
1,"f0",1,1.4948877988953,-2.77475389845167,0.15,-0.55,0.26,0.02,-0.68,144.783241725107,0
0,"f2",1,3.33416457231635,3.04257188130065,-0.95,-1.15,-1.06,0.51,-1.13,97.5931122705552,0
0,"f12",0,6.19745027125945,3.49137418849386,1.28,0.88,0.63,-0.59,-0.47,1382.42087427401,1
1,"f4",0,-1.20382032921011,1.83356729200031,0.26,-0.34,-1.64,-0.85,2.29,550,1
0,"f0",1,2.6985129079044,-0.95309506695231,1.07,0.34,1.03,0.18,0.98,1.62147000867679,0
0,"f0",0,1.41143339202652,-1.32076262796287,0.23,0.24,-1.5,-0.56,-0.52,0.0913944348758265,0
1,"f10",1,3.5246332207829,2.83370124887738,1.32,2.23,-0.77,0.39,0.06,1973.51528042235,1
0,"f0",1,1.69143921818863,-2.39029272270898,-0.15,-0.43,-1.46,-1.16,0.66,38.187381799034,0
1,"f18",1,2.09516190930859,2.86762872772229,0.03,-2.89,-0.72,-1.17,1.46,1973.51528042235,1
0,"f0",0,1.16136878568943,0.910871666677662,-1.17,-1.09,-1.25,-0.12,-1.15,13.8262242505719,0
1,"f0",1,0.61906761442041,-1.64713154065506,-0.6,0.78,0.91,-0.47,-0.41,550,1
0,"f2",1,3.3027600424717,1.52263566243161,-0.29,0.22,-1.47,0.61,0.47,47.79779551168,0
1,"f10",1,3.54177188106009,3.00379409824528,-1.34,-1.21,-1.36,1.52,0.5,1744.4920670657,1
0,"f4",1,2.82256217952169,0.97077424744661,0.5,-1.14,0.11,-0.85,-0.94,35.8398334739988,0
0,"f4",1,-1.50028403184642,2.32297038511906,-1.73,0.71,0.63,0.26,1.56,18.8976018576292,0
0,"f0",0,3.64046529275837,-0.731806543165463,0.01,1.63,-1.28,0.77,-0.46,141.440596216713,0
0,"f6",1,2.95239536288182,2.75548257295343,0.74,-0.06,-0.09,-0.68,0.07,550,1
0,"f2",1,2.56174294395346,0.300196583404008,-0.02,1.37,-1.12,-0.68,-0.61,100.254955347261,0
1,"f2",1,4.51492235158409,-0.136903845701605,0.92,-1.3,-0.62,1.26,0.47,550,1
0,"f10",0,4.0098678904194,2.17920468721105,-0.34,0.6,-0.19,-0.25,-1.88,106.405632492787,0
0,"f8",1,5.54891533210986,0.601261785269865,0.2,0.15,-0.21,0.53,-1.87,1505.29147808516,1
0,"f4",1,3.62260767182759,1.87163370224936,1.05,0.04,0.27,-1.59,0.5,267.936575013861,1
0,"f6",1,4.86356053772658,1.30604775193212,-0.66,0.89,0.35,0.68,-0.91,276.267592078704,1
0,"f8",1,3.38264255715328,0.143672219493793,1.49,1.01,0.26,-1.09,-1.49,214.294121753468,1
1,"f14",1,3.66328171268749,2.18832446874419,-1.19,0.16,-0.99,-0.44,0.63,1973.51528042235,1
1,"f10",1,5.0914065110787,3.10560573100775,-0.43,-0.62,0.86,-0.93,-0.88,1836.61411470575,1
0,"f0",1,4.57748791463433,-0.21515409830001,-0.93,0.1,0.33,0.46,-0.4,292.44151810721,1
0,"f0",1,0.485266390113544,-1.94651251019718,-0.62,-0.09,-1.14,0.11,1.28,32.2388409221571,0
0,"f8",0,-0.0108796202525228,3.16095515269666,0.04,1.51,-1.52,0.45,0.82,78.6890845503711,0
0,"f0",1,-0.418818733445702,1.56422987299089,-1.62,1.37,-1.24,-2.47,0.55,0.251333636593414,0
1,"f0",1,2.26347602105009,1.3046786312238,0.3,-0.04,0.85,0.14,1.33,185.056370719146,0
1,"f8",1,4.90481047211211,0.646645897459277,0.69,1.16,1.32,-0.63,0.03,1781.76631655395,1
1,"f8",1,5.2617936402844,1.57726671591837,0.16,2.08,1.89,-0.78,-0.68,1847.76516148571,1
0,"f0",1,2.20717946590057,-2.60064181334636,0.76,1.87,2.8,0.86,-0.59,184.200206211532,0
0,"f0",1,2.80069490282741,0.331480661594202,0.29,-1.48,0.39,0.76,-1.19,2.97682291323186,0
1,"f16",0,2.42805969660864,3.218246280507,-0.03,-0.62,0.47,0.07,0.51,1572.45646420115,1
1,"f10",1,1.2822055226685,2.44954603339434,-0.53,0.07,-0.99,-0.5,-1.27,1244.21017901273,1
0,"f4",0,3.3653146392118,1.0957926849499,-1,-0.45,0.95,0.28,-0.88,77.0427600461852,0
1,"f4",1,0.690793109817657,0.678295001413288,-0.94,1.07,-0.09,0.73,2.02,550,1
1,"f6",1,3.16582798895991,0.368673058255056,1.11,0.49,0.01,0.4,0.91,1735.77054407929,1
0,"f2",1,3.91974502183862,-1.41425739042188,-0.85,-0.87,-1.34,-1.26,-0.52,246.380100925675,1
1,"f6",0,1.89256736926425,2.66000909700547,-2.13,1.03,-0.07,0.72,-0.52,550,1
0,"f4",1,2.71419708397485,0.186751736758655,2.26,-0.34,-0.35,-0.28,-0.41,57.9355012090009,0
0,"f12",1,1.83660502771837,2.55839535452994,-1.03,1.62,-1.05,0.23,-0.37,225.575601805645,1
0,"f10",1,4.71725777653107,2.60776542277151,1.89,0.1,-1.13,1.4,-1.62,550,1
0,"f6",1,6.33117280923624,1.93621071095559,0.65,0.61,-0.9,0.91,-0.84,1022.87010786219,1
1,"f6",0,-0.0595187142110229,1.23343830131758,-0.59,0.15,-0.7,-0.54,-0.88,550,1
0,"f8",1,1.64865303969258,2.72152005076728,-0.84,-1.4,-1.52,-0.04,1.25,196.869888312418,0
1,"f16",1,4.50105104719101,3.13054431653195,0.08,1.03,-0.49,0.14,1.41,1973.51528042235,1
1,"f2",1,5.695005244315,0.579040838098642,0.8,-0.91,0.14,-1.05,-0.89,550,1
1,"f2",0,2.77572189371919,1.01145083072294,-0.52,-0.31,-0.16,0.01,0.66,276.88447990974,1
1,"f10",1,1.32442212090323,1.25447198210496,-0.42,0.42,0.76,-0.05,1.73,1281.51325734912,1
1,"f6",0,-0.606560961310521,2.09952625266014,0.27,1.29,0.53,-1.17,-1.19,550,1
0,"f6",1,3.35788429797706,0.795824979445341,-0.2,-0.91,0.13,-0.81,1,131.374502520415,0
1,"f4",1,6.13802081886908,2.43015222198569,-0.07,0.22,0.2,2.01,0.43,1241.54647987418,1
1,"f0",1,1.00807052651622,-3.02070213205434,-0.01,0.75,1.2,0.15,2.72,997.802117087227,1
0,"f6",0,-1.02048478318471,1.94415518359811,-0.43,0.63,-0.68,-0.9,1.39,0.248328863562093,0
0,"f20",0,4.48695130561721,4.56298697959816,-1.66,0.69,-1.12,1.01,0.07,1065.41001783588,1
1,"f8",1,1.9452806883975,-0.470863993381932,0.12,0.67,-0.98,-0.63,0.59,1223.86301694813,1
0,"f22",0,3.6669944032434,5.78344180896561,-0.51,-1.19,0.92,2.4,0.28,550,1
1,"f10",1,2.94149678276873,2.4200516474934,-0.06,-0.54,-0.83,0.91,-1.3,1681.65163551455,1
1,"f12",1,6.26006174109975,2.86189983418582,0.13,-0.54,1.13,-0.14,-1.22,1973.51528042235,1
0,"f4",1,3.98222424148945,1.76267309658784,1.24,-1.12,-0.1,0.94,1.73,157.550359197743,0
0,"f6",1,4.27702511522251,2.14867018861996,0.11,0.55,-0.76,-0.85,-0.53,550,1
0,"f4",1,5.35474574308363,0.914053076349138,-0.35,-2.66,0.87,0.83,-0.01,550,1
0,"f2",0,1.19736478978948,0.950483032177414,2.38,0,0.79,-0.62,0.49,104.686139484497,0
0,"f2",1,4.46891372510659,-0.243004536091622,-2.15,-1.43,-0.01,-1.49,0.1,101.041331720696,0
0,"f2",1,3.20481060146925,0.187182378063912,-0.34,-0.1,0.51,0.02,0.53,32.3190145632844,0
0,"f0",1,-0.321357223006603,-0.000962295452774875,1.13,-1.08,-1.97,0.8,0.43,2.2127625143707,0
1,"f4",1,3.31963801313481,1.47950238311845,0.03,0.79,1.44,-0.73,-0.87,550,1
0,"f6",0,1.35467282272331,1.89674020152058,0.33,1.14,0.78,-0.13,-0.12,13.2117734659249,0
0,"f4",1,6.06925996846958,2.89122288540728,1.09,-0.68,1.1,1.05,0.59,1192.41726838363,1
0,"f4",1,6.13952536673578,1.39479611220529,-1.73,-0.46,0.28,0.28,-2.62,1505.87097913162,1
0,"f2",1,3.34207173252133,0.17258022977345,-0.53,-1.32,0.68,0.42,-0.33,5.09850374825349,0
1,"f18",1,5.43134092950889,4.46825772669369,0.7,0.1,-0.24,1.36,-1.2,1973.51528042235,1
1,"f6",1,2.10756733750999,2.89262660423952,-0.5,-0.19,-0.81,-1.36,-1.58,939.949976455919,1
0,"f4",1,2.64577616132183,1.00217410227976,-0.46,-1.21,-1.02,-0.7,0.27,73.2493976543932,0
1,"f2",1,3.31444984608832,0.648388577114167,-0.04,0.02,1.02,0.85,-0.54,550,1
0,"f4",1,7.80635097155503,1.06635405424331,0.88,0.88,0.07,2.5,0.18,1737.98104981644,1
1,"f4",1,3.6300483637659,0.593405114808521,0.8,-0.2,-0.56,0.56,-1.36,550,1
1,"f2",1,4.64907322495895,1.05232356815734,2.16,-0.24,-0.23,0.36,0.06,550,1
0,"f14",1,4.73948454814485,3.92554184157883,-0.19,-1.08,0.13,0.99,-0.56,884.408057678228,1
0,"f4",1,5.1969390642299,1.550670433003,0.38,-1.16,0.76,0.87,-0.11,819.881092855326,1
1,"f2",1,3.49207255104881,0.526210229962718,-0.22,0.33,2.15,0.95,0.19,550,1
0,"f0",1,0.34877955880172,0.547613397926134,-0.58,-0.49,0.35,-2.27,-0.12,0.190604884772841,0
0,"f0",1,0.164987447016284,0.685482463288141,0.05,-2.07,2.32,-1.47,0.27,1.3654251528088,0
0,"f10",1,3.3997161529066,1.71737335100438,0.48,0.23,1.41,1.42,-0.1,216.571221349793,1
0,"f6",0,1.6674466590082,1.94320746749814,0.08,-0.12,-1.03,-0.95,0.56,104.051483518064,0
1,"f8",0,3.09762574043838,2.27036995815314,1.87,-0.44,-1.24,-0.15,0.32,846.200065764231,1
0,"f0",1,2.53889900865625,0.188964950123779,-0.58,-0.89,-0.21,-0.5,0.74,68.1587287270731,0
1,"f4",1,5.60071267639039,0.218988162087572,0.65,2.03,0.44,0.58,0.59,550,1
1,"f0",1,2.39133750072302,0.413615743280065,-0.62,-0.06,1.51,-1.09,-0.68,149.268077556251,0
0,"f10",1,7.43732774359212,2.49571787530676,0.68,1.25,-0.6,-1.12,-0.86,1737.98104981644,1
1,"f10",1,3.7342688136929,1.58223624771243,-1.67,0.7,-0.03,-0.47,-1.5,1973.51528042235,1
1,"f16",1,6.73694342153955,3.18657660214258,-0.35,-0.27,0.14,0.83,0.51,1973.51528042235,1
0,"f0",1,3.10005151149448,0.347430771470639,-0.73,1.37,0.82,0.37,-1.51,0.377419331516607,0
0,"f4",0,4.6637474659561,1.11704736365084,0.66,0.33,-1.55,-0.22,-0.32,112.434840010481,0
0,"f8",1,0.332864549972138,2.50232156339415,-0.67,0.84,0.01,0.67,-1.24,200.47200854232,1
0,"f12",1,3.41303282448133,3.47920078856344,-1.6,0.01,-0.98,-1.04,-0.43,550,1
0,"f8",1,5.09476352586194,3.38867130590911,-0.06,-1.38,0.73,0.72,-0.23,550,1
0,"f6",1,1.46733630718543,0.015626649805385,-0.03,0.6,-0.08,-1.01,1.14,36.492600618088,0
1,"f0",1,1.2892802668634,0.785068099091936,-2.43,-0.98,1.15,2.08,-1.26,144.03615120413,0
0,"f0",1,-1.93215907223166,-0.650982553070343,0.45,-0.36,1.51,-0.44,-0.85,1.40496384592899,0
0,"f8",1,2.07500663511186,1.39880812366438,-0.22,1.25,0.92,-0.09,1.28,219.073251474083,1
0,"f10",1,4.40965612296172,1.88629591465736,-0.48,-0.45,-0.26,0.88,0.79,550,1
1,"f12",1,5.0175801922929,2.69378588643012,-0.64,-0.08,-0.05,1.67,-0.8,1973.51528042235,1
0,"f0",1,0.655258037446264,1.33250559028071,-0.82,-0.67,1.34,1.03,0.44,15.9506194548843,0
1,"f4",1,5.63308515203745,-0.0451383160817824,0.57,0.02,-0.89,-0.03,-0.76,1056.2958130113,1
1,"f14",1,0.954507577444516,5.30343387883464,1.24,0.09,-0.38,1.87,-0.19,1887.50163804853,1
1,"f6",1,3.94832042476026,2.14753641020436,1.44,0.95,-0.27,-1.57,-0.87,942.855821991915,1
1,"f0",1,1.89275012947576,-0.182376636528227,-1.9,1.14,2.01,1.41,1.32,143.607035002134,0
0,"f0",1,1.14373008064724,-0.628204819715183,-0.19,0.09,0.01,-0.95,-2.03,62.3197376532666,0
1,"f2",1,4.90103711326575,0.397574684527014,0.76,0.74,1.98,0.19,-0.09,550,1
1,"f0",1,1.75131510447118,0.727833773384323,0.19,1.04,-0.58,0.4,-1.39,154.854295250386,0
0,"f0",1,4.66763597591135,1.22241584074205,0.97,-0.14,-0.54,-1.9,-0.77,57.20504547756,0
0,"f0",1,3.84348929375388,1.32283420068399,-0.59,-1.12,-1.56,-0.11,0.44,30.0168916043196,0
1,"f6",0,0.996728716093641,1.39734326788223,-0.01,2.42,-0.09,-0.34,1.82,550,1
1,"f0",1,0.240482770264612,0.391550661350023,-1.79,0.07,-2.16,-0.44,-0.16,160.800205585986,0
1,"f0",1,7.00241663876488,1.28887533547789,0.26,-1.35,-1.22,2.26,-0.2,1654.62444607535,1
0,"f8",1,5.04177686568482,1.49360504865097,-0.67,-0.32,-1.72,0.7,0.15,550,1
1,"f0",1,3.92766751950474,0.816593794662608,0.48,-0.62,1.15,0.38,0.08,178.631798946338,0
0,"f2",0,-0.340619500886892,-0.508756587450357,-0.62,0.95,-1.56,1.67,-0.82,8.82451952728931,0
0,"f4",1,1.83302855953736,1.90987766674667,-0.25,0.44,1.11,0.78,0,145.663623106235,0
1,"f6",1,5.25775772250296,1.77752760166545,-2.25,0.06,-0.81,0.62,-0.54,1154.81579124025,1
0,"f6",1,3.44897121874731,1.71766956338378,0.88,-0.3,-1.55,-0.01,1.47,550,1
1,"f2",1,2.31132450723479,-0.598933914103278,-0.75,0.3,-0.93,-1.16,-0.36,550,1
0,"f4",0,1.17594086021503,2.4759061914452,0.76,-1.14,-1.33,-0.57,-0.2,50.1834633624692,0
0,"f0",1,4.14725269052912,0.455669718415251,-0.6,0.33,-0.77,2.02,-0.29,1.8978704049265,0
1,"f4",1,7.41952628907401,2.45004480080259,2.7,1.49,-0.13,0.41,-0.54,1973.51528042235,1
0,"f14",0,0.82073978723763,3.9487025000816,0.53,1.27,0.57,-0.64,-2.56,12.7111056089337,0
0,"f12",0,4.15531482558361,4.54520615679399,-0.12,1.58,-0.66,1.11,-1.81,106.782759921011,0
0,"f2",1,2.96090242615505,-0.378202397781386,-0.77,-1.24,-1.45,0.22,0.36,47.1287603294823,0
0,"f8",1,2.47180903602125,2.48380651184323,-1.14,1.14,-0.18,0.51,0.17,550,1
1,"f12",0,3.19404253007392,3.59974624564274,-1.57,-0.45,0.59,2.32,-0.82,1289.81300437022,1
1,"f8",1,1.45329526194211,3.48777386856972,-1.91,0.28,0.51,-1.65,-0.01,1015.66972334899,1
0,"f0",1,3.04787940478698,-1.63508374927688,-0.05,-0.12,-0.56,-0.32,-1.22,135.701745389969,0
0,"f0",1,4.10391167673648,-2.38841707459212,-1.41,-0.73,0.05,-1.18,0.02,0.0263903353944683,0
1,"f4",1,2.04667963624849,2.68351351465029,-0.97,-0.88,-0.82,0.93,-0.82,550,1
0,"f10",1,0.707568523760378,4.69940704556136,-0.5,1.09,1.46,0.73,0.34,550,1
1,"f8",1,5.01885129567176,2.36970777217559,-1.28,-1.57,0.24,0.34,-0.97,1973.51528042235,1
1,"f6",0,4.97627314950689,1.29396520888014,0.09,0.93,-0.26,1.85,0.4,842.29215653476,1
1,"f6",1,2.68288927012466,1.86386376755493,-0.13,-0.03,1.14,-0.61,1.8,1001.52963225387,1
0,"f0",0,-1.07219602344667,-0.611395921762913,0.43,-0.58,-1.95,0.58,-2.28,41.8065336208096,0
0,"f2",0,0.624344147071651,-1.16421928308648,1.59,-1.19,-0.16,0.91,-1.01,10.1842047254126,0
0,"f4",0,4.758295043989,2.04728811134811,-0.48,-1.39,0.3,-0.92,-0.52,73.0215188462662,0
1,"f0",1,2.07021567986519,-1.18713971136121,0.33,-0.53,-0.51,0.04,2.49,162.433085369185,0
1,"f6",0,0.987404707295175,0.295906432214461,1.93,-0.24,-0.95,1.1,-0.26,550,1
0,"f12",1,3.74255772963681,4.56932463954965,0.03,0.24,-1.17,-0.3,-1.12,550,1
0,"f8",1,6.14719626249631,3.88076519278498,-0.64,0.14,-0.26,-2.69,1.44,1737.98104981644,1
1,"f10",1,4.26510375180179,3.45839239260484,0.12,1.81,-0.58,2.01,-0.76,1905.86719893697,1
0,"f0",1,0.931110758365052,0.20767823659325,1.37,0.34,0.2,2.22,-0.54,0.815134250927251,0
1,"f8",0,2.83760707742629,1.65553099022568,-1.19,0.46,-0.38,1.27,-0.05,819.282295729785,1
0,"f6",1,3.61367577818603,0.226269545321935,0.32,1.62,-0.46,-0.96,-0.54,550,1
0,"f4",1,4.21643581174496,1.90916313269148,-1.47,-0.3,-2.05,-0.35,-0.43,255.024727014711,1
0,"f6",1,3.85279131795271,3.2127268471744,-0.57,0.28,0.43,-2.36,-0.56,876.313929127505,1
0,"f0",1,1.26959915478414,0.392636138992904,-0.8,-0.74,-0.16,0.78,0.67,44.1465342016587,0
1,"f0",1,1.88485552217808,-0.867706085628099,0.6,-1.96,-0.59,1.54,0.67,144.096328597249,0
1,"f8",0,4.89986777178181,0.99996371633014,-0.22,1,0.76,1.6,-0.14,978.029622886179,1
0,"f6",1,0.23836953336537,1.26804335117943,0.64,-0.36,-1.56,-0.09,-0.4,185.371295373318,0
0,"f0",1,1.62605179342157,-1.35259954806874,-0.81,0.11,-1.74,0.41,1.33,65.2542345015692,0
0,"f0",1,0.640766434883898,-2.09886237726042,-0.03,0.84,0.58,-0.26,-0.1,0.778465222562843,0
0,"f6",1,2.43374112845866,-0.506141576516358,0.87,-0.63,-0.27,-0.18,0.05,83.0336264695914,0
1,"f8",0,-1.62802881597312,0.760741548162771,0.67,0.31,1.72,-0.81,0.17,550,1
1,"f10",0,-0.521532597734768,4.1174212513069,-0.46,-1.41,2.82,-0.32,-0.36,999.896916342697,1
0,"f4",1,5.01419244385753,1.30021680166077,0.29,1.03,0.51,0.51,2.55,550,1
0,"f10",0,3.50938819746633,0.956416196305564,0.05,1.3,1.49,-0.24,-0.16,228.904995725602,1
1,"f0",1,5.93811298240835,-0.873301521364939,-0.44,-1.7,0.73,0.47,0.33,550,1
0,"f12",1,3.55869155105873,2.44544484576757,0.73,1.14,2.96,0.02,2.34,550,1
0,"f0",1,3.38864230186561,-0.985014199856454,0.63,1.04,-0.73,-0.27,1.8,0.134938178516449,0
0,"f14",1,4.69916666562267,4.07464825555468,0.78,0.2,-0.68,-1.2,-0.76,1737.98104981644,1
0,"f0",1,5.26764818086301,0.763483976376447,0.86,0.43,0.01,0.91,0.25,205.354049103672,1
0,"f10",1,4.94951232089485,1.04604825284606,0.59,0.41,-0.12,-0.17,0.25,550,1
0,"f14",1,6.77304392430741,4.45505028571479,0.32,0.84,1.11,-0.43,0.13,1737.98104981644,1
1,"f8",1,3.45413032796607,3.08481686857457,-0.15,-0.07,-0.8,2.21,-0.52,1077.7738108385,1
1,"f6",1,4.88625392762694,1.11025580105704,0.3,-0.16,1.51,0.24,-0.62,1045.83121645983,1
1,"f0",1,0.87767048374446,-1.55961466658124,-0.1,-0.58,0.83,-0.51,-0.8,144.476384140684,0
0,"f2",1,3.6836425294571,1.75930519756302,-1.16,-0.29,-0.74,-0.13,0.46,64.4810341772536,0
0,"f0",1,3.88383479691704,0.572252257749726,0.34,-1.38,-0.08,1.49,2.43,151.725517947855,0
1,"f8",1,3.72884319183388,3.22802152998669,-0.86,-0.82,-0.68,0.54,-1.56,1126.29541048105,1
1,"f14",1,4.04431059451596,4.51031725088331,-0.25,0.86,0.34,0.94,-0.5,1973.51528042235,1
1,"f2",1,3.00063689501713,-1.05514686407347,-0.67,0.32,1.1,-0.57,1.49,550,1
0,"f0",1,2.22760219904453,-3.7375247501642,-1.48,1.48,-0.82,2.4,1.21,58.5410212825516,0
0,"f6",0,1.55086975816134,3.14007912757587,0.2,0.33,0.35,0.9,1.43,6.01791554189559,0
0,"f0",1,4.46284431612655,-1.46576714594376,-1.6,0.3,0.25,1.24,-1.5,183.136969727883,0
0,"f0",1,3.32101030249514,1.89933590468161,0.02,0.11,0.05,0.34,-0.98,2.34001981907541,0
1,"f10",1,2.47891964027235,0.198141260750933,-1.4,-0.05,0.16,-1.47,-1.45,1359.05896430899,1
1,"f10",1,5.79701765704874,2.3984861578581,-0.9,0.15,1.3,1.37,0.36,1973.51528042235,1
1,"f10",1,1.82877542746958,2.76139889334927,-1.05,-1.25,0.46,-1.15,0.84,1333.45859210057,1
0,"f0",1,3.23953530476908,2.39968651554847,0.97,-2.03,-0.28,0.73,0.9,37.5824165720722,0
0,"f0",1,1.63927278276115,-0.63866921276327,0.98,0.7,1.58,-0.46,0.34,4.61565762954693,0
1,"f6",1,3.29364824153851,-0.502660508497296,-1.43,-0.06,-0.74,-0.25,0.28,550,1
0,"f0",0,0.212013888984648,-0.168297518242034,0.75,0.8,-0.15,2.23,1.84,6.00581123730165,0
1,"f6",0,-0.777164219207988,0.663542648341246,0.38,-0.54,-0.29,-1.64,-1.7,550,1
0,"f0",1,1.34744416484187,0.485934925178428,-0.41,-0.22,1.08,-0.34,-1.74,0.00140095896734758,0
0,"f4",1,3.67948848630381,0.537945887804266,-0.08,0.16,0.06,-0.51,1.53,86.3315409629171,0
1,"f0",1,0.760234213359601,-1.69710308521626,0.06,0.05,2.83,-0.35,-0.76,163.226962092603,0
0,"f6",1,4.11805020840915,2.97543353913286,-1.9,0.68,0.3,-0.35,0.99,550,1
0,"f8",1,2.91809102029302,2.28374606922649,-0.5,-0.11,0.33,0.01,-1.1,901.609012671503,1
0,"f10",0,1.25079418358317,2.5547453676586,-0.44,1.06,-1.12,-0.49,-1.27,3.5946365360401,0
0,"f6",1,6.63835856830955,2.44802104594246,-0.44,0.42,1.21,0.68,2.28,1403.43953698366,1
